replication,shift_type,shift_value,method,adaptation_slope,test_score_sd,test_score_range,calibration_intercept,calibration_slope,converged,iterations
1,slope_shift,1.6,intercept_slope_recal,-0.163398478074196,0.164186740574907,1.1893238997183,-0.81922187657604,0.591473957531493,True,4
2,slope_shift,1.6,intercept_slope_recal,-0.0474607357711664,0.0507095579748406,0.365635202657269,-3.33424113497618,-0.696139128981568,True,4
3,slope_shift,1.6,intercept_slope_recal,-0.212023112278115,0.235838011343585,1.78385682191172,-0.464883156407891,0.758266880515678,True,4
4,slope_shift,1.6,intercept_slope_recal,-0.110711429591467,0.121844405820888,0.885722634605595,-0.334957068504627,0.850156619764766,True,4
5,slope_shift,1.6,intercept_slope_recal,-0.19620049151142,0.210327993334398,1.52439783870245,-0.447118284718616,0.839030818761137,True,5
6,slope_shift,1.6,intercept_slope_recal,-0.137419026825093,0.14729640699237,1.07226715133801,-1.25387342540455,0.371952036844523,True,4
7,slope_shift,1.6,intercept_slope_recal,-0.128889075236575,0.134362102949451,1.02461131879718,-0.360768628124219,0.848594571197427,True,4
8,slope_shift,1.6,intercept_slope_recal,-0.134358002631671,0.136924755703799,0.965502565866341,0.025005669256773,1.00845790934646,True,4
9,slope_shift,1.6,intercept_slope_recal,-0.0280776588609644,0.031715423589633,0.235591523656788,2.6974675108494,2.3534498109498,True,4
10,slope_shift,1.6,intercept_slope_recal,-0.16262016556049,0.1861095207493,1.27881814792131,-0.904756690987594,0.575940658142992,True,4
11,slope_shift,1.6,intercept_slope_recal,-0.0434152621752624,0.0460200700781441,0.346565103686404,1.11769756023751,1.55114937818023,True,4
12,slope_shift,1.6,intercept_slope_recal,-0.0143083440174729,0.0157777402604454,0.112237202843989,9.70374928255606,5.91267169554824,True,4
13,slope_shift,1.6,intercept_slope_recal,-0.0444652725940249,0.046885199755676,0.327820105604985,3.38261457902736,2.81176898665874,True,4
14,slope_shift,1.6,intercept_slope_recal,-0.0333256020194821,0.0354522445654913,0.244423121717512,-1.67197434728546,0.14173464833329,True,4
15,slope_shift,1.6,intercept_slope_recal,-0.1107435894235,0.119646055367836,0.945753060754242,0.472949745720921,1.2120983563141,True,4
16,slope_shift,1.6,intercept_slope_recal,-0.103627706964195,0.114136904049794,0.8973778766973,0.939576577523564,1.55417268398619,True,4
17,slope_shift,1.6,intercept_slope_recal,-0.113761698768189,0.112378647167625,0.843087284936794,0.138137856666047,1.07469775449419,True,4
18,slope_shift,1.6,intercept_slope_recal,-0.108705954006362,0.127028691930364,0.98142586207342,-1.91433065019899,0.0347084886559266,True,4
19,slope_shift,1.6,intercept_slope_recal,-0.116371927613709,0.133669783069734,0.977142277072249,-1.62445957339777,0.167530689523519,True,4
20,slope_shift,1.6,intercept_slope_recal,-0.253145446528302,0.255673232420232,1.95973750037839,-1.01176318331614,0.459386816186825,True,4
21,slope_shift,1.6,intercept_slope_recal,-0.107488261491614,0.115978675496934,0.864075611039747,0.135323094764754,1.09112628644993,True,4
22,slope_shift,1.6,intercept_slope_recal,-0.0040232167271719,0.0041882758423089,0.0312385562351394,37.2790175413009,19.8784781593322,True,4
23,slope_shift,1.6,intercept_slope_recal,-0.0413215532958322,0.0421616308444684,0.337587153485625,0.149726411266442,1.07060270295693,True,4
24,slope_shift,1.6,intercept_slope_recal,-0.160415497040603,0.172451439880611,1.34095609872183,-0.472422962912136,0.789291027968326,True,4
25,slope_shift,1.6,intercept_slope_recal,-0.0638595040370421,0.0726352682046484,0.485313948938251,1.53084537185146,1.80988156801756,True,4
26,slope_shift,1.6,intercept_slope_recal,-0.137966503006462,0.149477020343677,1.09962606142488,0.149559682051574,1.09063688633626,True,4
27,slope_shift,1.6,intercept_slope_recal,-0.055652307454885,0.0618044566761523,0.430649887594066,1.72898840870747,1.90106007332729,True,4
28,slope_shift,1.6,intercept_slope_recal,-0.0641526198015028,0.0721316707186613,0.49899127497852,1.44017128106061,1.79108699209869,True,4
29,slope_shift,1.6,intercept_slope_recal,-0.167059109320833,0.177425000973354,1.15515871081483,-0.187771893621403,0.928066913832728,True,4
30,slope_shift,1.6,intercept_slope_recal,0.043286592465359,0.0451557635049934,0.363841479251472,-5.66684779005619,-1.82694320528239,True,4
31,slope_shift,1.6,intercept_slope_recal,-0.0946917284851879,0.105751137071786,0.728964791384336,1.21312137356877,1.58215784540606,True,4
32,slope_shift,1.6,intercept_slope_recal,-0.0610841204654178,0.0606428180592348,0.421322640082559,0.0257149398728592,1.03150533662825,True,4
33,slope_shift,1.6,intercept_slope_recal,-0.0877821081495818,0.103012413728238,0.782340491169665,-0.82738372897995,0.582041855527353,True,4
34,slope_shift,1.6,intercept_slope_recal,-0.152917295416074,0.167575321268563,1.29062524046946,0.38165823806266,1.17073266185699,True,4
35,slope_shift,1.6,intercept_slope_recal,-0.0804900858325138,0.0869594385417706,0.59228948107642,-0.565501460804171,0.724562956665659,True,4
36,slope_shift,1.6,intercept_slope_recal,-0.0591662414028874,0.0566917497678079,0.380950926699348,1.29640034759712,1.66806013621608,True,4
37,slope_shift,1.6,intercept_slope_recal,-0.168044098603785,0.18160759906254,1.34983352478833,-0.243398217494398,0.867063684273739,True,4
38,slope_shift,1.6,intercept_slope_recal,-0.105493896268422,0.11718640296922,0.878512832389771,-0.946809333307533,0.518778015735248,True,4
39,slope_shift,1.6,intercept_slope_recal,0.019219912456559,0.019941507015514,0.147540776226045,-2.89216071926408,-0.473217345854497,True,4
40,slope_shift,1.6,intercept_slope_recal,0.0320127565024644,0.0324874753582192,0.245476956790025,-0.924549427285598,0.530637897028773,True,4
41,slope_shift,1.6,intercept_slope_recal,-0.157792425748121,0.159845816433746,1.19696604391867,-0.389569441613461,0.793385785915421,True,4
42,slope_shift,1.6,intercept_slope_recal,-0.0232723148069396,0.0248550797476823,0.172541450417982,6.16191096858872,4.17201923152822,True,4
43,slope_shift,1.6,intercept_slope_recal,-0.046547617111237,0.0489564086116134,0.384725614079298,1.31851158765026,1.7233388865991,True,4
44,slope_shift,1.6,intercept_slope_recal,-0.0805318317390104,0.0822438380089385,0.599077313384955,-0.742786964104529,0.631669845892903,True,4
45,slope_shift,1.6,intercept_slope_recal,-0.0632777886786922,0.0694436896370745,0.487312665682645,-0.0126113307564199,0.937787216358161,True,4
46,slope_shift,1.6,intercept_slope_recal,-0.157045724365419,0.1819554324597,1.29568545095907,-1.18642798205284,0.397511210874211,True,4
47,slope_shift,1.6,intercept_slope_recal,-0.14009563676748,0.158053876639152,1.06588213096541,0.249862763924061,1.11244689855977,True,4
48,slope_shift,1.6,intercept_slope_recal,-0.063489107506206,0.0680234742307055,0.469310204493368,-0.161333564734639,0.886959324583358,True,4
49,slope_shift,1.6,intercept_slope_recal,0.0296141251883097,0.0309645547685883,0.234094421431433,-2.26900551770842,-0.129826832603538,True,4
50,slope_shift,1.6,intercept_slope_recal,-0.0901571441757431,0.0990199292698165,0.680747504692192,0.95147702042826,1.53180014090325,True,4
51,slope_shift,1.6,intercept_slope_recal,-0.0175485205887742,0.019310079035272,0.140723087357613,12.3959486871361,7.35136054678299,True,4
52,slope_shift,1.6,intercept_slope_recal,-0.0448791927973135,0.0499851540531688,0.357855690188278,-2.10534306855107,-0.0679938735292017,True,4
53,slope_shift,1.6,intercept_slope_recal,-0.0390956505908259,0.0447272559278885,0.341200202712552,0.947327176043893,1.47603270105996,True,4
54,slope_shift,1.6,intercept_slope_recal,-0.144845181595994,0.159391684878262,1.08115022128179,0.301741704791398,1.12992810514046,True,4
55,slope_shift,1.6,intercept_slope_recal,-0.104424606944118,0.111352544264714,0.820833006157807,-0.691001848738215,0.696649388875444,True,4
56,slope_shift,1.6,intercept_slope_recal,-0.0316049549119106,0.0334302188220798,0.262563100548599,-1.09768248231507,0.410929782618746,True,4
57,slope_shift,1.6,intercept_slope_recal,-0.120634061736499,0.13104959428239,0.9863057440983,-0.869781030136941,0.521708176461997,True,4
58,slope_shift,1.6,intercept_slope_recal,-0.152981675278295,0.157291807619383,1.11054992569857,-0.195086216370693,0.942124573421823,True,4
59,slope_shift,1.6,intercept_slope_recal,-0.0704216993890499,0.0755486777335236,0.566752278003896,2.73003667605442,2.29249279786602,True,4
60,slope_shift,1.6,intercept_slope_recal,-0.0826526406512931,0.0874192427544583,0.693447644475565,-2.32317291881964,-0.146993309268044,True,4
61,slope_shift,1.6,intercept_slope_recal,-0.158310302279308,0.178969318287307,1.26046266220402,-1.13533437373939,0.385499093191624,True,4
62,slope_shift,1.6,intercept_slope_recal,0.0017917782044745,0.0018495434095805,0.0131337034200019,-102.968937679743,-52.0562562252617,True,4
63,slope_shift,1.6,intercept_slope_recal,-0.0942078772912406,0.103236096376716,0.715649809842743,0.43937057633602,1.217876918381,True,4
64,slope_shift,1.6,intercept_slope_recal,-0.136658218358259,0.136383295175978,0.989323797757812,-1.80184709676538,0.0779297999497841,True,4
65,slope_shift,1.6,intercept_slope_recal,-0.196409016204367,0.206824904735877,1.42283359081318,-0.315964430321366,0.787949618126781,True,4
66,slope_shift,1.6,intercept_slope_recal,-0.138210059548127,0.151274472166563,1.0567397292992,0.229940601217641,1.11147217380559,True,4
67,slope_shift,1.6,intercept_slope_recal,-0.15088763652938,0.167334035528185,1.1834849520315,0.420129696815911,1.24063553507603,True,4
68,slope_shift,1.6,intercept_slope_recal,-0.110976818147021,0.113830766301921,0.848625328628619,-0.176855690601616,0.919112219185413,True,4
69,slope_shift,1.6,intercept_slope_recal,-0.133719605000439,0.142564360779712,1.09155878390429,0.361289298761012,1.12897676800339,True,4
70,slope_shift,1.6,intercept_slope_recal,-0.168385319097396,0.194755366737805,1.43292324820237,-1.03008272351468,0.451433773643517,True,4
71,slope_shift,1.6,intercept_slope_recal,-0.0355253649556395,0.0380175664248532,0.258202457930807,7.47731870208285,4.69102310609008,True,5
72,slope_shift,1.6,intercept_slope_recal,-0.0049167981124737,0.0053050275103956,0.039636280188321,13.1055715100905,7.52056733912567,True,4
73,slope_shift,1.6,intercept_slope_recal,-0.132425873290454,0.154801678357417,1.01832460763371,-2.16548837542364,-0.0823459832912811,True,4
74,slope_shift,1.6,intercept_slope_recal,-0.125556283105073,0.128605487357483,0.932573857436367,0.56042806334448,1.27276867429788,True,4
75,slope_shift,1.6,intercept_slope_recal,-0.236862349626933,0.267648721568083,1.87551046174237,-0.654181308833443,0.642434988941664,True,4
76,slope_shift,1.6,intercept_slope_recal,-0.180887384570213,0.172836809396568,1.15211463729629,0.117212674094059,1.03116433769575,True,4
77,slope_shift,1.6,intercept_slope_recal,-0.131859950744329,0.135957142977457,0.984906269359138,-0.716688974011585,0.616214637601741,True,4
78,slope_shift,1.6,intercept_slope_recal,-0.111430497981155,0.11674438186552,0.778575688253613,0.684732535722146,1.33531555257891,True,4
79,slope_shift,1.6,intercept_slope_recal,-0.163109907679248,0.162385181006033,1.07514662635166,-0.218994615364165,0.889344622486173,True,4
80,slope_shift,1.6,intercept_slope_recal,-0.106331469209613,0.119409437218295,0.923672303542279,-0.844708933862246,0.565417343494605,True,4
81,slope_shift,1.6,intercept_slope_recal,-0.0547654244191077,0.0594277659966741,0.45699326799155,0.233111059778751,1.09010375071479,True,4
82,slope_shift,1.6,intercept_slope_recal,-0.124507819100303,0.136083140273563,0.953108238530622,-0.017125784169071,0.968523663092071,True,4
83,slope_shift,1.6,intercept_slope_recal,-0.113211749493418,0.125371158954975,0.959390828092846,0.800220074609891,1.39612609446594,True,4
84,slope_shift,1.6,intercept_slope_recal,-0.116587290838843,0.132271625865909,0.956830644112985,0.100729429125565,1.04627478355365,True,4
85,slope_shift,1.6,intercept_slope_recal,-0.165203781978362,0.174226232787994,1.39609401145521,-1.20319100761401,0.410348887996155,True,4
86,slope_shift,1.6,intercept_slope_recal,-0.0930761631010079,0.104360033688189,0.849156083651864,-0.777439942727349,0.607513094831405,True,4
87,slope_shift,1.6,intercept_slope_recal,-0.130936022612981,0.137111250719987,0.985329298538469,-0.24727723199609,0.886209962781985,True,4
88,slope_shift,1.6,intercept_slope_recal,-0.0550341301891914,0.0550509210596844,0.38751660449648,0.613738663326653,1.32693382464326,True,4
89,slope_shift,1.6,intercept_slope_recal,-0.13003414776533,0.147711080817807,1.07909020824366,-0.913145672843666,0.533119095935247,True,4
90,slope_shift,1.6,intercept_slope_recal,-0.0930055813965794,0.111867235930884,0.985894047815499,1.72030761464356,1.9173514700395,True,4
91,slope_shift,1.6,intercept_slope_recal,-0.039646644150248,0.0413294413618335,0.3087459645084,-1.87396036431357,0.0499346377767306,True,4
92,slope_shift,1.6,intercept_slope_recal,-0.118102898711623,0.123438960881218,0.890464825664583,-0.0325396658320555,1.00224690492322,True,4
93,slope_shift,1.6,intercept_slope_recal,-0.136158443595958,0.153147876818505,1.07455760205297,0.22839424511986,1.06833785848754,True,4
94,slope_shift,1.6,intercept_slope_recal,-0.0029689475339917,0.0033132775468726,0.0237860289530472,114.466979894504,58.5111174721595,True,5
95,slope_shift,1.6,intercept_slope_recal,-0.0503452803719206,0.0509512454784341,0.391328469445041,1.47337959331458,1.71620405723452,True,4
96,slope_shift,1.6,intercept_slope_recal,-0.036219641148209,0.037463025599336,0.283502301921731,4.90116878949484,3.51673479673834,True,4
97,slope_shift,1.6,intercept_slope_recal,-0.215230277010787,0.223582520786281,1.65316528757427,-0.0390652749289512,0.979134623961345,True,4
98,slope_shift,1.6,intercept_slope_recal,0.0063704540680332,0.0070357458203626,0.0530767648336683,-14.4580463672225,-6.1326442508914,True,4
99,slope_shift,1.6,intercept_slope_recal,-0.0483600025561222,0.0507057873195097,0.358972579509139,-1.49409949345061,0.25420319239601,True,4
100,slope_shift,1.6,intercept_slope_recal,-0.104447574909809,0.111997036414757,0.96087878964229,1.31280066389919,1.70511743868559,True,4
101,slope_shift,1.6,intercept_slope_recal,-0.135733319041492,0.146810187602131,1.01283109757018,-1.16857557683389,0.36929353064472,True,4
102,slope_shift,1.6,intercept_slope_recal,-0.031681852949715,0.0343155210548414,0.265380780443517,-0.681796952806259,0.668082284392135,True,4
103,slope_shift,1.6,intercept_slope_recal,-0.0228291976574109,0.0260558688590693,0.206596082341806,-1.75370546372531,0.0983295242283472,True,4
104,slope_shift,1.6,intercept_slope_recal,-0.200533774819568,0.201191671086828,1.53803595986174,-0.986652702654471,0.455359418998497,True,4
105,slope_shift,1.6,intercept_slope_recal,-0.0752915848706215,0.082926526335765,0.613426078466295,-0.947767267094915,0.532552113013125,True,4
106,slope_shift,1.6,intercept_slope_recal,-0.13715184517524,0.141144396641413,1.02818847956585,0.272852723377487,1.14427945028784,True,4
107,slope_shift,1.6,intercept_slope_recal,-0.0387409034618971,0.0410909092527908,0.304149386414255,2.21816241702043,2.04441319496924,True,4
108,slope_shift,1.6,intercept_slope_recal,-0.144059119665417,0.145159229624631,1.04116395811556,0.414722462870709,1.19838244783857,True,4
109,slope_shift,1.6,intercept_slope_recal,-0.0748090190268788,0.0788489220667161,0.553181515255265,-0.174486676392249,0.899938058613375,True,4
110,slope_shift,1.6,intercept_slope_recal,-0.221911454572652,0.228466325909865,1.73586725366808,-0.434586026484124,0.801322991913841,True,4
111,slope_shift,1.6,intercept_slope_recal,-0.0236107132049376,0.0239658605084882,0.168290884509614,-0.994212482963704,0.533398072545633,True,4
112,slope_shift,1.6,intercept_slope_recal,-0.153829863342113,0.166591224478731,1.20738174395202,-0.189927777198534,0.93262938694346,True,4
113,slope_shift,1.6,intercept_slope_recal,-0.0891190800077337,0.109585571190756,0.816679901417897,0.135631115599117,1.04375301055022,True,4
114,slope_shift,1.6,intercept_slope_recal,-0.118139806839515,0.125719842847761,1.04288188262904,-0.950799949455719,0.531792277892238,True,4
115,slope_shift,1.6,intercept_slope_recal,-0.202555399101593,0.205793019019646,1.61375023623343,-0.797662352047334,0.643907885792145,True,4
116,slope_shift,1.6,intercept_slope_recal,-0.122116347083677,0.144455402420111,1.01533886505782,0.285829890190223,1.1567497356142,True,4
117,slope_shift,1.6,intercept_slope_recal,-0.128835323664217,0.139331151654625,1.085561117593,-1.36116121130729,0.286203620754291,True,4
118,slope_shift,1.6,intercept_slope_recal,0.023738110564348,0.0266704953904439,0.191287874285376,-9.02098355238281,-3.60237290648611,True,4
119,slope_shift,1.6,intercept_slope_recal,-0.162241587706937,0.167146253608891,1.18763086830754,-1.25125085065791,0.407767677011256,True,4
120,slope_shift,1.6,intercept_slope_recal,-0.125768828770513,0.126008411242998,0.865729843503864,0.44185948732833,1.20404261571861,True,4
121,slope_shift,1.6,intercept_slope_recal,-0.0817104669900402,0.098093720704749,0.681952750947873,-0.713760202518178,0.654009164436574,True,4
122,slope_shift,1.6,intercept_slope_recal,-0.133578164983369,0.142678756943527,1.01124483122131,-0.42191082051829,0.8088311759593,True,4
123,slope_shift,1.6,intercept_slope_recal,-0.0848479706307414,0.0836738098132412,0.63665518717608,0.95410945146115,1.4339613594191,True,4
124,slope_shift,1.6,intercept_slope_recal,-0.139200694522349,0.149862175043349,1.01662950251418,-2.17326081354807,-0.0703613827901408,True,4
125,slope_shift,1.6,intercept_slope_recal,-0.254060821400389,0.258469403991782,1.82721660080937,-1.07726514264801,0.437952940304429,True,4
126,slope_shift,1.6,intercept_slope_recal,-0.0747724259226817,0.0839686174067284,0.618803463288872,-0.439620552731825,0.773999257226293,True,4
127,slope_shift,1.6,intercept_slope_recal,-0.0569610042380277,0.0662673578029329,0.539626601477292,4.3034655139832,3.15100746555071,True,4
128,slope_shift,1.6,intercept_slope_recal,-0.090019891956035,0.0949662565255209,0.710397041019742,1.40525867382282,1.7212653146183,True,4
129,slope_shift,1.6,intercept_slope_recal,-0.0456438695564462,0.0518564337094487,0.432195103461983,-1.0401993199933,0.49574100260199,True,4
130,slope_shift,1.6,intercept_slope_recal,-0.0702726768771354,0.0777467078260941,0.614444800023117,0.0630271276829237,1.00897392120673,True,4
131,slope_shift,1.6,intercept_slope_recal,-0.0134131957312708,0.0150289489649015,0.106919100459729,-0.876847682391026,0.57283748127611,True,4
132,slope_shift,1.6,intercept_slope_recal,-0.166205613319751,0.189960117022678,1.37670650156143,-0.399824242336059,0.782403696308618,True,4
133,slope_shift,1.6,intercept_slope_recal,-0.0558431296573186,0.0608073901894469,0.407470889778083,-0.464102768037298,0.738338732259953,True,4
134,slope_shift,1.6,intercept_slope_recal,-0.0166058580061799,0.0193105780754581,0.132109103933077,-0.643228248503461,0.709849192512804,True,4
135,slope_shift,1.6,intercept_slope_recal,-0.0802453187271041,0.0873980017529176,0.657916687702846,0.276422564940724,1.14666885873762,True,4
136,slope_shift,1.6,intercept_slope_recal,-0.0343307374233197,0.0369715680188775,0.271883209621399,4.71474130644255,3.27324887986192,True,4
137,slope_shift,1.6,intercept_slope_recal,-0.0499311984431185,0.0555787267011482,0.422148878812785,3.18945244701822,2.51483374338819,True,4
138,slope_shift,1.6,intercept_slope_recal,-0.0030943186510936,0.0034399783631817,0.0227875549909085,14.21886795627,8.05381231052087,True,4
139,slope_shift,1.6,intercept_slope_recal,-0.0295787287138381,0.0320640318169264,0.228647041465408,-4.22906883938804,-1.15846915994559,True,4
140,slope_shift,1.6,intercept_slope_recal,-0.148233063934672,0.172043306381942,1.18119790991229,0.160890875267879,1.08336223449312,True,4
141,slope_shift,1.6,intercept_slope_recal,-0.165947477356066,0.177170760572247,1.29357058724416,0.109019194417027,1.03034272493133,True,4
142,slope_shift,1.6,intercept_slope_recal,-0.0053198442438583,0.0056312019432885,0.0403989645201555,-2.3883723675915,-0.160646586606804,True,4
143,slope_shift,1.6,intercept_slope_recal,-0.110392841110974,0.120431660099537,0.823292335020035,-0.965894434180006,0.485715544802899,True,4
144,slope_shift,1.6,intercept_slope_recal,-0.0425878610794305,0.0456335557894346,0.30078113717048,5.40996500847651,3.68816819057388,True,4
145,slope_shift,1.6,intercept_slope_recal,-0.137105077093933,0.148246873390295,1.06431950032647,-1.82684106072517,0.0944887350467908,True,4
146,slope_shift,1.6,intercept_slope_recal,-0.127958583932464,0.138672642954565,1.00548881721907,-1.15024867954327,0.447686303919079,True,4
147,slope_shift,1.6,intercept_slope_recal,-0.0640726157783649,0.0764625375626029,0.542364602504855,2.61936554845878,2.22972067307635,True,4
148,slope_shift,1.6,intercept_slope_recal,-0.079993937734313,0.080406027872654,0.57858665184339,0.842266583516267,1.38572150427805,True,4
149,slope_shift,1.6,intercept_slope_recal,-0.165958028188809,0.185037424597175,1.25406094655592,-0.699633655912138,0.632793958649273,True,4
150,slope_shift,1.6,intercept_slope_recal,-0.117359616490254,0.133055536972343,0.962979763248498,0.236702241760116,1.09044157170874,True,4
151,slope_shift,1.6,intercept_slope_recal,-0.0726476356158469,0.0816871668199482,0.573184418371436,-0.254612261570569,0.851015451440555,True,4
152,slope_shift,1.6,intercept_slope_recal,0.0330911417678552,0.0347428716464079,0.245782604011319,-6.71970219916392,-2.33459564161993,True,4
153,slope_shift,1.6,intercept_slope_recal,-0.0059681896923424,0.0063615746133228,0.0479494607081357,25.6393136059606,13.1583396024205,True,4
154,slope_shift,1.6,intercept_slope_recal,-0.120442119820327,0.116043685091471,0.856509826277027,0.441625107262778,1.21958138355255,True,4
155,slope_shift,1.6,intercept_slope_recal,-0.107082590680307,0.113902446644877,0.866924701857387,0.0317610662735078,1.05288607621982,True,4
156,slope_shift,1.6,intercept_slope_recal,-0.142831568039461,0.16011590909452,1.22004914598874,-0.395514704927992,0.782951421628078,True,4
157,slope_shift,1.6,intercept_slope_recal,-0.0850617714219742,0.0898012405015393,0.675183320296248,1.00334919212497,1.46866927884443,True,4
158,slope_shift,1.6,intercept_slope_recal,-0.0073590457731542,0.0080652551120974,0.0565235561289605,-1.84453300483604,0.0565697880298577,True,4
159,slope_shift,1.6,intercept_slope_recal,-0.170366189043989,0.192216155646044,1.35699210435507,-0.39205334598785,0.844039824557352,True,4
160,slope_shift,1.6,intercept_slope_recal,-0.0301860429983846,0.0305401240256959,0.216403821342517,1.24536960228567,1.67056885449488,True,4
161,slope_shift,1.6,intercept_slope_recal,-0.20131142658379,0.222411129522143,1.67973928781881,-0.78593851185236,0.607059418097412,True,4
162,slope_shift,1.6,intercept_slope_recal,-0.121671481222721,0.132248468105553,0.994631479304096,0.167604364776799,1.05729397489,True,4
163,slope_shift,1.6,intercept_slope_recal,-0.123201743579283,0.129507989556291,0.939172108498553,-0.903661007486931,0.555135158421379,True,4
164,slope_shift,1.6,intercept_slope_recal,-0.0963726097578074,0.114286323106302,0.849174345418216,-0.77693299372114,0.608260691977285,True,4
165,slope_shift,1.6,intercept_slope_recal,-0.143300088129147,0.144939208427725,1.11144637690514,-0.620365944524238,0.675928968985854,True,4
166,slope_shift,1.6,intercept_slope_recal,-0.199851114394997,0.221347449909597,1.63230214786378,-0.833155081210864,0.551849642555231,True,4
167,slope_shift,1.6,intercept_slope_recal,-0.0545894713953546,0.0591530796336797,0.424798062679659,0.902649351619936,1.53462856606137,True,4
168,slope_shift,1.6,intercept_slope_recal,-0.141255314639962,0.154541979664267,1.08435732025205,-0.0985290434382243,0.928579779498309,True,4
169,slope_shift,1.6,intercept_slope_recal,-0.0745232875908102,0.085336640568143,0.567735505337682,-0.0113095334952472,0.950194976111457,True,4
170,slope_shift,1.6,intercept_slope_recal,-0.124347325650477,0.136335329678653,1.09037707359457,1.26425612449813,1.63405012990668,True,4
171,slope_shift,1.6,intercept_slope_recal,0.0374461277831427,0.0395651450164772,0.28908286757739,-3.93839702985621,-0.942095261574033,True,4
172,slope_shift,1.6,intercept_slope_recal,-0.157612581244842,0.165796290186222,1.17845367992313,-0.926488622794527,0.520108771402715,True,4
173,slope_shift,1.6,intercept_slope_recal,-0.10829702694012,0.122292594164326,0.821288008978526,-0.035136378347848,1.00990978339266,True,4
174,slope_shift,1.6,intercept_slope_recal,-0.175134666610112,0.178387123791686,1.47956194784584,-0.0998315811193014,0.966403801412025,True,4
175,slope_shift,1.6,intercept_slope_recal,-0.104121434234875,0.113730412400058,0.850743107270668,1.13592476526977,1.53439471118348,True,4
176,slope_shift,1.6,intercept_slope_recal,-0.0884361436066958,0.10061731018649,0.661687787891744,-1.75898939310554,0.112739329540661,True,4
177,slope_shift,1.6,intercept_slope_recal,0.0373532758174244,0.0388669726225083,0.265852098248694,-9.51489339870342,-3.69928274399068,True,4
178,slope_shift,1.6,intercept_slope_recal,-0.0279018602744855,0.0297334238585831,0.238833947212132,-3.26623837137771,-0.656349580062339,True,4
179,slope_shift,1.6,intercept_slope_recal,-0.187074631474707,0.197440228317478,1.36387186204748,-0.274075923222428,0.864089447922056,True,4
180,slope_shift,1.6,intercept_slope_recal,0.0204781102153223,0.0208742531862225,0.151491761961082,-7.75898035151915,-2.93678154242099,True,4
181,slope_shift,1.6,intercept_slope_recal,-0.0699378817325091,0.0763133096827081,0.578730927034011,-0.191465192701621,0.896543914004694,True,4
182,slope_shift,1.6,intercept_slope_recal,-0.0671803324540075,0.0724563877274216,0.537587327199006,1.72685269133013,1.85509163369163,True,4
183,slope_shift,1.6,intercept_slope_recal,-0.0651100158957482,0.0763871791578618,0.577925614119651,1.69122540259333,1.9392091091282,True,4
184,slope_shift,1.6,intercept_slope_recal,-0.138276769007295,0.158585573160953,1.22263119781803,0.824425784320145,1.43357094696928,True,5
185,slope_shift,1.6,intercept_slope_recal,0.0052950784100657,0.0057548686907054,0.0448928982788621,-16.8272449221402,-7.40743189892208,True,4
186,slope_shift,1.6,intercept_slope_recal,-0.11271862284668,0.111225566054628,0.836404383716107,1.59464484863745,1.77886882177641,True,4
187,slope_shift,1.6,intercept_slope_recal,-0.0364218147284994,0.041288113403179,0.305172761628939,0.806497241958128,1.34198332368424,True,4
188,slope_shift,1.6,intercept_slope_recal,-0.138613329416249,0.153900068000747,1.16870253873365,-1.04966491696874,0.489886194610927,True,4
189,slope_shift,1.6,intercept_slope_recal,-0.0538272609826787,0.0615943474677115,0.433877038886084,0.618904127476385,1.3223333465549,True,4
190,slope_shift,1.6,intercept_slope_recal,-0.169711842820871,0.19770122914285,1.29679612788644,-0.632046327168414,0.705546538487366,True,4
191,slope_shift,1.6,intercept_slope_recal,-0.153270564238432,0.161386112489171,1.14897628749559,0.375127042442085,1.20468514615031,True,4
192,slope_shift,1.6,intercept_slope_recal,-0.126424403300515,0.143371412190704,1.05852185042577,-0.809000494467437,0.566622755677482,True,4
193,slope_shift,1.6,intercept_slope_recal,-0.0306407695257684,0.0332172921820368,0.234983429252964,1.08002071036039,1.49429778175874,True,4
194,slope_shift,1.6,intercept_slope_recal,-0.0940551393411037,0.106704545236551,0.749680769130533,-0.970395594039766,0.558201089183954,True,4
195,slope_shift,1.6,intercept_slope_recal,-0.114907972157229,0.118239054383462,0.873441422823368,-1.60300042710051,0.191034807034711,True,4
196,slope_shift,1.6,intercept_slope_recal,-0.115645675130209,0.124085698245384,0.912548090225461,-0.942589726790464,0.504482201563725,True,4
197,slope_shift,1.6,intercept_slope_recal,0.0016179564747832,0.0017641000263445,0.0121718868833356,-51.0559527869368,-24.304281107523,True,4
198,slope_shift,1.6,intercept_slope_recal,-0.0252250474053938,0.0273216601534064,0.192517370347165,7.81370252056308,4.87156536262827,True,4
199,slope_shift,1.6,intercept_slope_recal,-0.0444716837012203,0.0519451915319602,0.374525862387409,-2.8833876433549,-0.410901760303123,True,4
200,slope_shift,1.6,intercept_slope_recal,-0.0047070932072244,0.0052440329508071,0.0394435131963169,34.4882711275406,17.8090633900792,True,4
201,slope_shift,1.6,intercept_slope_recal,-0.108683281295062,0.114248054849456,0.828236874322249,-0.745429585958836,0.591824999407552,True,4
202,slope_shift,1.6,intercept_slope_recal,-0.0769527306342794,0.0823620130274688,0.58374060796074,1.94095111718505,1.9521072390763,True,4
203,slope_shift,1.6,intercept_slope_recal,-0.0916298658544003,0.102329730594347,0.786720145333965,-1.19456882453144,0.404364209496293,True,4
204,slope_shift,1.6,intercept_slope_recal,-0.0927209552138831,0.106904987452762,0.818964061131419,0.471872677488674,1.22662580780123,True,4
205,slope_shift,1.6,intercept_slope_recal,-0.136135974439764,0.14139691402897,0.978455236394589,0.441156484130165,1.23963127616602,True,4
206,slope_shift,1.6,intercept_slope_recal,-0.137066050671009,0.156169162234382,1.12276559942798,-1.33296789410449,0.312128168991586,True,4
207,slope_shift,1.6,intercept_slope_recal,-0.027542369308919,0.0283885939197339,0.192665243273789,-2.97100493248274,-0.471771223431149,True,4
208,slope_shift,1.6,intercept_slope_recal,-0.096730380099257,0.113956813722804,0.857516002887051,0.15860036849549,1.0591575488815,True,4
209,slope_shift,1.6,intercept_slope_recal,-0.0161699537247607,0.0181547563018371,0.127104719306525,3.92147905500329,2.8363745484834,True,4
210,slope_shift,1.6,intercept_slope_recal,-0.0901605732278793,0.109609272097915,0.739094155917181,0.75414905453071,1.33720539383106,True,4
211,slope_shift,1.6,intercept_slope_recal,-0.0365179048026848,0.038738694941487,0.289446683550973,4.99544079422751,3.51989574587476,True,4
212,slope_shift,1.6,intercept_slope_recal,-0.0399900799032294,0.0417465219150143,0.318104497122274,4.69590249924568,3.25691235452387,True,4
213,slope_shift,1.6,intercept_slope_recal,-0.220102795190681,0.235948685811511,1.62777315484765,-0.0105914229822443,0.970607921428076,True,4
214,slope_shift,1.6,intercept_slope_recal,-0.0825332041953731,0.0869385684293285,0.609947831680835,-1.21496822453764,0.402581762667158,True,4
215,slope_shift,1.6,intercept_slope_recal,-0.161329795323583,0.173055207542519,1.32002785287966,-0.374999168592032,0.834085796191708,True,4
216,slope_shift,1.6,intercept_slope_recal,-0.0389553717234374,0.044374043288898,0.333846075388593,3.33292317271939,2.66732329569063,True,4
217,slope_shift,1.6,intercept_slope_recal,-0.105784535989118,0.115970930257967,0.844645586273571,-0.218350793370734,0.969631299093858,True,4
218,slope_shift,1.6,intercept_slope_recal,-0.107805534448641,0.121859723449332,0.829754012738005,0.782220859642931,1.39451373550417,True,4
219,slope_shift,1.6,intercept_slope_recal,-0.168179097219512,0.181814152312423,1.39083225101035,-0.634190155913231,0.730277693494589,True,4
220,slope_shift,1.6,intercept_slope_recal,-0.0747518318569361,0.0904947982903943,0.747059498218775,2.09689695345551,2.07063738432048,True,4
221,slope_shift,1.6,intercept_slope_recal,-0.0697858701836537,0.0750207392047503,0.492236792297129,0.674911047607925,1.29957045432377,True,4
222,slope_shift,1.6,intercept_slope_recal,-0.154180629735547,0.165425670132774,1.19010175671607,-0.121022028631305,0.928993570079903,True,4
223,slope_shift,1.6,intercept_slope_recal,0.00910675373601,0.0092298613924453,0.0715118981501777,-7.97873523916568,-3.01281406251278,True,4
224,slope_shift,1.6,intercept_slope_recal,-0.105392407775284,0.113048247055061,0.840700394856661,0.207854088337478,1.09570486979734,True,4
225,slope_shift,1.6,intercept_slope_recal,-0.127745485675069,0.14269910131545,0.975507809700526,0.546964996903308,1.35595575353951,True,4
226,slope_shift,1.6,intercept_slope_recal,-0.0833773965316605,0.0884010244302402,0.622879102894498,1.81208840492429,1.91403996404566,True,4
227,slope_shift,1.6,intercept_slope_recal,-0.172585846091221,0.19963489059702,1.39103762315958,-0.550885430241395,0.694889620889669,True,4
228,slope_shift,1.6,intercept_slope_recal,-0.077201953462942,0.087026201228645,0.656889162613028,0.005703078161491,1.01108205550713,True,4
229,slope_shift,1.6,intercept_slope_recal,-0.0323061265122397,0.0351335772123405,0.281596953061751,2.64004744295988,2.22090304657028,True,4
230,slope_shift,1.6,intercept_slope_recal,-0.137959664973437,0.159089764396737,1.20237843843829,-1.03250157994513,0.487104914329129,True,4
231,slope_shift,1.6,intercept_slope_recal,-0.112411845885785,0.124164783935673,0.848726880539707,-0.929981414568889,0.550854293168845,True,4
232,slope_shift,1.6,intercept_slope_recal,-0.0800441861410966,0.0866152252389354,0.625760392198403,1.53347723573212,1.71420290620042,True,4
233,slope_shift,1.6,intercept_slope_recal,-0.0532680059656836,0.057333107345003,0.394713286299265,-0.966800399459205,0.482867889051963,True,4
234,slope_shift,1.6,intercept_slope_recal,-0.166173886511015,0.180172200882302,1.27018143559445,0.167067498743634,1.172081177434,True,5
235,slope_shift,1.6,intercept_slope_recal,-0.0475948584923325,0.0522734546099088,0.373524299210959,-0.131026609704114,0.977726012511631,True,4
236,slope_shift,1.6,intercept_slope_recal,-0.101475263488399,0.111572525680295,0.809677429642095,-1.72803353414718,0.170401804248454,True,4
237,slope_shift,1.6,intercept_slope_recal,-0.242959384902597,0.264657273076227,1.86880270279834,-0.879313110736359,0.566641173710569,True,4
238,slope_shift,1.6,intercept_slope_recal,-0.182998333351148,0.174053870969011,1.29839984844751,-0.0491225619348328,0.95910564016456,True,4
239,slope_shift,1.6,intercept_slope_recal,-0.0288367671973392,0.031045173041334,0.227757880557019,0.885533369963857,1.48281156598136,True,4
240,slope_shift,1.6,intercept_slope_recal,-0.133754085854864,0.141057869625721,1.10137495884713,-0.732620499989914,0.598328522007731,True,4
241,slope_shift,1.6,intercept_slope_recal,-0.0684472437674453,0.0727141525399636,0.533838345286366,-3.53143805928813,-0.779029609450898,True,4
242,slope_shift,1.6,intercept_slope_recal,-0.0822990981478688,0.0938103001566827,0.678859888925056,-1.55216860836087,0.227086905277856,True,4
243,slope_shift,1.6,intercept_slope_recal,-0.151261215624635,0.161042309721985,1.16574975509603,0.196819082211839,1.03429695492135,True,4
244,slope_shift,1.6,intercept_slope_recal,-0.008562948256816,0.0088278978754166,0.0643134681376525,16.3715573351626,9.25933476043006,True,4
245,slope_shift,1.6,intercept_slope_recal,-0.0743167252964605,0.0770755454641651,0.575886573750658,-0.729616694714911,0.635069129066586,True,4
246,slope_shift,1.6,intercept_slope_recal,-0.080494111300664,0.0842128196454046,0.621517655299836,-0.767711107249723,0.590808718119346,True,4
247,slope_shift,1.6,intercept_slope_recal,-0.2223258121165,0.239026352272641,1.63531042139956,-0.764198627721987,0.589938464061616,True,4
248,slope_shift,1.6,intercept_slope_recal,-0.0585020170456552,0.0615579267741151,0.398134299969074,1.20906286774636,1.55994208559156,True,4
249,slope_shift,1.6,intercept_slope_recal,-0.0692670970283177,0.0699735955158192,0.584959409017992,-0.0617179831651982,0.924502351400113,True,4
250,slope_shift,1.6,intercept_slope_recal,-0.0915786395863487,0.102913199905425,0.81252963236175,-0.0549282390486346,0.984364570614417,True,4
251,slope_shift,1.6,intercept_slope_recal,1.58581979063e-05,1.68985636577e-05,0.0001152494846397,-19243.4501116192,-9547.42172146039,True,4
252,slope_shift,1.6,intercept_slope_recal,-0.032592104162193,0.0334509747441217,0.250542839046392,3.90997252202267,2.95049224660203,True,4
253,slope_shift,1.6,intercept_slope_recal,-0.131177408981624,0.137132444143015,0.953897556529114,0.5960750600717,1.28907269242954,True,4
254,slope_shift,1.6,intercept_slope_recal,-0.113654504739118,0.117522656593317,0.850224852406934,0.874259149626205,1.44447461740114,True,4
255,slope_shift,1.6,intercept_slope_recal,-0.0425409835175983,0.0471530805023225,0.313293200058748,-2.69761464171899,-0.337187091222602,True,4
256,slope_shift,1.6,intercept_slope_recal,-0.131922509031644,0.139269488472338,1.05107204275875,-0.975404005333961,0.523866678047904,True,4
257,slope_shift,1.6,intercept_slope_recal,-0.0941237878219922,0.111338087417725,0.765584333268408,0.581857096338422,1.26068456105231,True,4
258,slope_shift,1.6,intercept_slope_recal,-0.145955278270644,0.159260593444353,1.26784295413231,-0.0051154291365697,1.00929269594507,True,4
259,slope_shift,1.6,intercept_slope_recal,-0.132118309662122,0.132345844183868,0.965041941223268,-0.645420341086147,0.654677198676544,True,4
260,slope_shift,1.6,intercept_slope_recal,-0.135838227219362,0.150786460315583,1.07171685502728,0.201664848689643,1.10723111957897,True,4
261,slope_shift,1.6,intercept_slope_recal,-0.0757503068390469,0.0835238804036204,0.598827536589197,-0.69130386141558,0.687940322782041,True,4
262,slope_shift,1.6,intercept_slope_recal,-0.0460791463950475,0.0468107454355206,0.344546329736046,1.41515108333568,1.67520915034891,True,4
263,slope_shift,1.6,intercept_slope_recal,-0.0721314934169033,0.0812163937822963,0.547150139659575,0.949007085276335,1.47619845337319,True,4
264,slope_shift,1.6,intercept_slope_recal,-0.0892840372308458,0.102705465144939,0.716464480774192,0.755057126933773,1.38021914423116,True,4
265,slope_shift,1.6,intercept_slope_recal,-0.0430453542845439,0.0471189726228958,0.35464832200849,5.78164240937444,3.87421371701396,True,4
266,slope_shift,1.6,intercept_slope_recal,-0.0364346288043773,0.0411759909053947,0.280140039560327,0.688487028845469,1.39690749121088,True,4
267,slope_shift,1.6,intercept_slope_recal,-0.0161936370439668,0.0162966501583055,0.112773771544464,3.83459842261049,2.97133710387238,True,4
268,slope_shift,1.6,intercept_slope_recal,-0.203248888595769,0.215107355778356,1.77299271946798,-0.438189326085413,0.788836591020858,True,4
269,slope_shift,1.6,intercept_slope_recal,-0.0543941118706959,0.060063719048369,0.472328914332039,-0.14317918372576,0.909423472675462,True,4
270,slope_shift,1.6,intercept_slope_recal,-0.0890937855361905,0.0985559574297796,0.743659129497593,0.0999226335819785,1.058142850223,True,4
271,slope_shift,1.6,intercept_slope_recal,-0.0174831977729187,0.0196885867994647,0.156531973309171,-2.22659672058351,-0.103632881516699,True,4
272,slope_shift,1.6,intercept_slope_recal,-0.133694940265873,0.151252322240785,1.21212733455917,-0.958703263647499,0.541056089496693,True,4
273,slope_shift,1.6,intercept_slope_recal,-0.0334009092821355,0.0372369379164076,0.278686807639092,6.73599232642382,4.52241524583669,True,4
274,slope_shift,1.6,intercept_slope_recal,-0.132034177557226,0.141982392005587,1.05451575478476,-2.23798796488526,-0.108008084702742,True,4
275,slope_shift,1.6,intercept_slope_recal,-0.079814583863353,0.0813652412097376,0.615409366850496,0.511010203230104,1.21175253058303,True,4
276,slope_shift,1.6,intercept_slope_recal,-0.132382919272144,0.135061740505519,0.938100143224073,0.188321542986018,1.08525718041904,True,4
277,slope_shift,1.6,intercept_slope_recal,-0.0579102375873596,0.0633889007618183,0.424498846612884,0.70423914338538,1.35906078757363,True,4
278,slope_shift,1.6,intercept_slope_recal,-0.103871534081415,0.115798920626985,0.816537271806177,-0.464926278287528,0.780011037391297,True,4
279,slope_shift,1.6,intercept_slope_recal,-0.0612693018951197,0.0678611087591949,0.525858236860476,0.521253463305504,1.29169758417425,True,4
280,slope_shift,1.6,intercept_slope_recal,-0.0804079581535977,0.0867260660294443,0.65811946590929,0.415117748134622,1.22894014301865,True,4
281,slope_shift,1.6,intercept_slope_recal,-0.0964708175184555,0.112054088883925,0.80976606866551,1.83569445628081,1.92398493320638,True,4
282,slope_shift,1.6,intercept_slope_recal,-0.0908958376687234,0.105808729291824,0.742962236730587,1.43895091527376,1.73889252402594,True,4
283,slope_shift,1.6,intercept_slope_recal,-0.0801851384361213,0.0959130902808051,0.75607146133407,-0.0483491392436495,0.945585617827078,True,4
284,slope_shift,1.6,intercept_slope_recal,-0.0380656354363711,0.0438215276880776,0.308275742966614,-0.520059604626901,0.768932158008151,True,4
285,slope_shift,1.6,intercept_slope_recal,-0.125014566124085,0.14362980528102,0.991600119887211,-0.314979553082312,0.81295800006488,True,4
286,slope_shift,1.6,intercept_slope_recal,-0.0530854938813826,0.0530800192503609,0.400725402864263,2.48551694421058,2.24241251998753,True,4
287,slope_shift,1.6,intercept_slope_recal,-0.126657714344733,0.14872508411727,0.969066532986427,-1.01124337190866,0.522846574479416,True,4
288,slope_shift,1.6,intercept_slope_recal,-0.183919986825415,0.189710341680294,1.3858489645684,-1.24520039156766,0.381796142813605,True,4
289,slope_shift,1.6,intercept_slope_recal,-0.144465673081298,0.163642110084917,1.15982622434801,1.05771143171109,1.5818862443766,True,5
290,slope_shift,1.6,intercept_slope_recal,-0.0641059197241929,0.0653002911270252,0.536161420242638,6.5470310478685,4.26352713110833,True,5
291,slope_shift,1.6,intercept_slope_recal,-0.0948867033452681,0.105742825376205,0.713971690227922,0.90147099625936,1.43464369482374,True,4
292,slope_shift,1.6,intercept_slope_recal,-0.133818011957581,0.137648601003693,0.985694332739409,0.127282134787115,1.09906792915513,True,4
293,slope_shift,1.6,intercept_slope_recal,-0.0845072466347251,0.0937030126943162,0.66590791042272,-0.548437104801171,0.72593394618563,True,4
294,slope_shift,1.6,intercept_slope_recal,-0.0488776124341231,0.0552892675837455,0.406508473617362,1.96731652590218,2.0400715718915,True,4
295,slope_shift,1.6,intercept_slope_recal,-0.0384114305765562,0.0419615038794163,0.312648324786232,2.94358046033771,2.53395060786943,True,4
296,slope_shift,1.6,intercept_slope_recal,0.0178543030086023,0.0186391862312302,0.14298814446743,-4.20176813736851,-1.10553787027195,True,4
297,slope_shift,1.6,intercept_slope_recal,-0.0550549900345282,0.0539814530314018,0.438146695944043,1.80453307765842,1.85977388390163,True,4
298,slope_shift,1.6,intercept_slope_recal,-0.125978309039938,0.137641163229195,1.07293065314335,-0.218354067810744,0.911344433100555,True,4
299,slope_shift,1.6,intercept_slope_recal,-0.0753175954768907,0.0790914336529296,0.597944640536766,0.243840842760366,1.14637219539725,True,4
300,slope_shift,1.6,intercept_slope_recal,-0.0755301869991624,0.0863367291762123,0.629712407040485,-0.784330312660719,0.577015620819934,True,4
301,slope_shift,1.6,intercept_slope_recal,-0.121331704397793,0.148158887396345,1.13681963877546,1.44386204226033,1.69065941830786,True,4
302,slope_shift,1.6,intercept_slope_recal,-0.0692514336089449,0.072498722806664,0.584352154753479,0.463129102960751,1.2545719176425,True,4
303,slope_shift,1.6,intercept_slope_recal,-0.128450401301096,0.14109719614217,0.989863941937574,0.858374228710901,1.37840599927101,True,4
304,slope_shift,1.6,intercept_slope_recal,-0.0885682471749021,0.0975960006661837,0.809690396660567,-1.42619134015955,0.319890266682159,True,4
305,slope_shift,1.6,intercept_slope_recal,-0.0990436771632328,0.111259070296314,0.779354396300794,-1.00284652542844,0.506434119307136,True,4
306,slope_shift,1.6,intercept_slope_recal,-0.0262366232651628,0.0285123356068447,0.21619413095349,4.24352135327565,3.10623018515044,True,4
307,slope_shift,1.6,intercept_slope_recal,-0.134056587341333,0.148084848599661,1.0037918761014,0.159891374346613,1.07902730624349,True,4
308,slope_shift,1.6,intercept_slope_recal,-0.160425338634983,0.163835309261018,1.22476811476795,-0.884882910192963,0.556388450586002,True,4
309,slope_shift,1.6,intercept_slope_recal,-0.124459945689843,0.13615811757384,1.04486833952778,-2.36233133280258,-0.23707227048784,True,4
310,slope_shift,1.6,intercept_slope_recal,-0.155152984321508,0.173099496946287,1.30166965554245,-0.485705441310347,0.744935547404256,True,4
311,slope_shift,1.6,intercept_slope_recal,-0.140842287866357,0.138550240353133,1.03858945362199,-0.895275712575561,0.521983669711051,True,4
312,slope_shift,1.6,intercept_slope_recal,-0.0810664297342165,0.085285562209183,0.612199651314527,-2.18843994460145,-0.105808412994848,True,4
313,slope_shift,1.6,intercept_slope_recal,-0.139555997688077,0.138020985441884,0.998771463726328,-0.354246413440053,0.831264112943863,True,4
314,slope_shift,1.6,intercept_slope_recal,-0.0565840385691472,0.0648956198924849,0.448375984116041,2.00710705366061,2.07081814322533,True,4
315,slope_shift,1.6,intercept_slope_recal,0.0034307960834562,0.0040412853053239,0.0314393261553969,6.62361346600272,4.37638012931817,True,4
316,slope_shift,1.6,intercept_slope_recal,-0.0781143664463085,0.0928693100188734,0.719710141033073,-1.16165361556898,0.433862357331579,True,4
317,slope_shift,1.6,intercept_slope_recal,-0.135150241385214,0.144741818922086,0.93311397728782,-0.62143698797019,0.705360417317795,True,4
318,slope_shift,1.6,intercept_slope_recal,-0.0898411915863471,0.0957674204884903,0.672656885056483,-2.1270075571992,-0.0791835064908505,True,4
319,slope_shift,1.6,intercept_slope_recal,0.0183666339663284,0.0207933799194533,0.154729278509548,-8.18706935910317,-3.09526342120333,True,4
320,slope_shift,1.6,intercept_slope_recal,-0.16967430880217,0.180104329714711,1.31155005312496,-0.466077584085467,0.737627955714807,True,4
321,slope_shift,1.6,intercept_slope_recal,-0.120586805602419,0.119609359902134,1.0267668999853,0.165117211559879,1.03530843782851,True,4
322,slope_shift,1.6,intercept_slope_recal,-0.0337069912158718,0.0343675937402807,0.243213705819121,7.05142952240577,4.47083517043194,True,4
323,slope_shift,1.6,intercept_slope_recal,-0.148939693527743,0.164520411292386,1.27924747172841,0.181741286460097,1.13152751138236,True,4
324,slope_shift,1.6,intercept_slope_recal,-0.0457329086412683,0.0514456987626169,0.363001054093136,-1.09839601450134,0.462610437235414,True,4
325,slope_shift,1.6,intercept_slope_recal,-0.111293597829181,0.129745745364,0.949019910232489,-0.37889072208915,0.795889934872545,True,4
326,slope_shift,1.6,intercept_slope_recal,-0.12476311218225,0.140083710937421,1.10114755976587,-0.810089454202437,0.544837263083759,True,4
327,slope_shift,1.6,intercept_slope_recal,-0.210537785477239,0.2063561588129,1.55500848166074,-0.043339311168595,0.948034073833137,True,4
328,slope_shift,1.6,intercept_slope_recal,-0.0822713167639765,0.0874616941035166,0.639529457586719,1.26212275010366,1.7297573522611,True,4
329,slope_shift,1.6,intercept_slope_recal,-0.0607581834412588,0.0642131905290386,0.447367838102368,2.06866312753782,2.10214502733291,True,4
330,slope_shift,1.6,intercept_slope_recal,-0.212685613492281,0.217087673655571,1.44285739832817,-0.336021673543121,0.824871958986078,True,4
331,slope_shift,1.6,intercept_slope_recal,-0.0894249182458508,0.103132173820796,0.802752028825333,-0.290559395208696,0.854563382076055,True,4
332,slope_shift,1.6,intercept_slope_recal,-0.117065876663959,0.119180811779645,0.930859317689364,-1.21047815599541,0.440166661702327,True,4
333,slope_shift,1.6,intercept_slope_recal,-0.109363685222898,0.112950085253255,0.857173924433438,0.229366639241882,1.16912095666623,True,4
334,slope_shift,1.6,intercept_slope_recal,-0.0998507975610996,0.112456499275549,0.806358809784562,-2.613005911424,-0.301169854614618,True,4
335,slope_shift,1.6,intercept_slope_recal,-0.0053620969636277,0.0055165022503309,0.041610114770148,32.5060885054439,17.3235950155547,True,4
336,slope_shift,1.6,intercept_slope_recal,-0.0273571723396403,0.0323694331610378,0.227838680900807,-0.733084552208214,0.609471640413791,True,4
337,slope_shift,1.6,intercept_slope_recal,-0.0568794283003388,0.065094831544093,0.494017396734705,0.525443892409969,1.23670146621326,True,4
338,slope_shift,1.6,intercept_slope_recal,-0.0765440748564539,0.0861165148456872,0.659003394268812,0.518253373934249,1.2693785431606,True,4
339,slope_shift,1.6,intercept_slope_recal,0.0013164921714049,0.0013964682499784,0.0109053922158,-2.51480442693723,-0.292057375771517,True,4
340,slope_shift,1.6,intercept_slope_recal,-0.172990788683223,0.185525606140098,1.3685597186063,0.333505702638406,1.17471007200058,True,4
341,slope_shift,1.6,intercept_slope_recal,-0.0819203922625423,0.0872227471815719,0.633117026956898,1.86203115463317,1.96629904885524,True,4
342,slope_shift,1.6,intercept_slope_recal,-0.0411406107155577,0.0428350306991186,0.311382801656836,1.63970276232262,1.81118836870227,True,4
343,slope_shift,1.6,intercept_slope_recal,-0.116068873664634,0.118668098437521,0.843728060781524,0.0521327546977378,1.04353891812198,True,4
344,slope_shift,1.6,intercept_slope_recal,-0.0862138268077128,0.0955141112865232,0.680288555529382,-1.27141672491432,0.349916394708735,True,4
345,slope_shift,1.6,intercept_slope_recal,-0.0097355265764278,0.0118177936887862,0.0845940868430237,10.2190531248821,6.24706596715847,True,4
346,slope_shift,1.6,intercept_slope_recal,-0.0857228534826916,0.0922505113681889,0.609563275686239,-0.66905539316438,0.639114408038043,True,4
347,slope_shift,1.6,intercept_slope_recal,-0.0497168368008303,0.0492675264069634,0.357951879025849,2.75257474635817,2.38103558532168,True,4
348,slope_shift,1.6,intercept_slope_recal,-0.0661013959478449,0.0666566194363626,0.454812252458544,1.22090608784757,1.54842089911228,True,4
349,slope_shift,1.6,intercept_slope_recal,-0.0361409943202817,0.0369150772931331,0.286210598392495,2.33643632898149,2.16186936955491,True,4
350,slope_shift,1.6,intercept_slope_recal,-0.0370719067760894,0.0398067730861729,0.250899545651708,0.402619960388743,1.25890293014975,True,4
351,slope_shift,1.6,intercept_slope_recal,-0.103995817591123,0.116240674330987,0.913305265703654,0.438052472526287,1.21590778909981,True,4
352,slope_shift,1.6,intercept_slope_recal,-0.0393737715504383,0.0447879023475374,0.314831865923366,0.793513452779521,1.35512651646518,True,4
353,slope_shift,1.6,intercept_slope_recal,-0.0268069584031816,0.028607312978485,0.215220371333326,3.72304995133367,2.86469712070629,True,4
354,slope_shift,1.6,intercept_slope_recal,0.0478169653442883,0.0473751341208927,0.373790041477201,-5.65793381534335,-1.86923490373476,True,4
355,slope_shift,1.6,intercept_slope_recal,0.0380416427247181,0.0414873594909964,0.323892077477342,-4.27284304832179,-1.13203693091421,True,4
356,slope_shift,1.6,intercept_slope_recal,-0.0439747198536897,0.0463245429142041,0.344554914571946,1.28653732564454,1.66396688249125,True,4
357,slope_shift,1.6,intercept_slope_recal,-0.104587439732307,0.115370073928596,0.822242485048117,0.138831457887588,1.09969856813246,True,4
358,slope_shift,1.6,intercept_slope_recal,-0.0375456508559302,0.0381190996095471,0.272921851284594,-3.49093569623707,-0.792786740456475,True,4
359,slope_shift,1.6,intercept_slope_recal,-0.0622364221103251,0.0665337137783822,0.463849979024506,-0.628749995103924,0.695360038186711,True,4
360,slope_shift,1.6,intercept_slope_recal,-0.0726121458168024,0.0816681824954172,0.614638084708093,1.08928414632234,1.62030281445588,True,4
361,slope_shift,1.6,intercept_slope_recal,-0.031909846333989,0.0351162390751308,0.249918016122659,-0.487562366907189,0.764841619892767,True,4
362,slope_shift,1.6,intercept_slope_recal,-0.0856930034574841,0.0896901276058502,0.706312684139298,3.32396863307193,2.66471707391258,True,4
363,slope_shift,1.6,intercept_slope_recal,-0.147889549669612,0.165653946517399,1.23433627313639,-1.41189994359079,0.251711533588883,True,4
364,slope_shift,1.6,intercept_slope_recal,-0.118579749929203,0.12540811698481,0.941812729687441,0.271263110114902,1.17703791915894,True,4
365,slope_shift,1.6,intercept_slope_recal,-0.095200581320282,0.100844175469071,0.719996072450692,1.73310866612503,1.93254509446358,True,4
366,slope_shift,1.6,intercept_slope_recal,-0.0794938734566804,0.0805067503045699,0.554514531335625,-2.05404030198296,-0.0229223218112318,True,4
367,slope_shift,1.6,intercept_slope_recal,-0.0152289159365856,0.0165077168321637,0.122999485213706,-0.609689692228499,0.723388652933976,True,4
368,slope_shift,1.6,intercept_slope_recal,-0.096615812537925,0.0984755849146311,0.666851052762309,-1.2322151294714,0.387920604650833,True,4
369,slope_shift,1.6,intercept_slope_recal,-0.094983902415626,0.0991124078075816,0.850541254238262,-0.85509347265125,0.559308626766904,True,4
370,slope_shift,1.6,intercept_slope_recal,-0.0036740408836749,0.0042457672895385,0.0278950053577853,48.477561858187,24.5361156214449,True,4
371,slope_shift,1.6,intercept_slope_recal,-0.0264282380240701,0.0263479550451411,0.192389585669192,0.197139047782455,1.13975999826691,True,4
372,slope_shift,1.6,intercept_slope_recal,-0.0472471196708453,0.0521874694818656,0.391274188514428,-1.23135874769072,0.367812328914368,True,4
373,slope_shift,1.6,intercept_slope_recal,-0.0960117808236378,0.0982797285610595,0.712869432350045,1.63089517717022,1.83952179617611,True,4
374,slope_shift,1.6,intercept_slope_recal,-0.138135794812357,0.162836855567296,1.30386701767812,-0.984883260403685,0.48854505997961,True,4
375,slope_shift,1.6,intercept_slope_recal,-0.111261838573048,0.126741154425157,0.956922204110803,0.271273418430701,1.11563480327233,True,4
376,slope_shift,1.6,intercept_slope_recal,-0.0766485643498842,0.086623795915991,0.624907432418791,0.12766535638001,1.09524584107295,True,4
377,slope_shift,1.6,intercept_slope_recal,0.0053798620242098,0.0061816321126087,0.0489710645787642,-8.85684649957469,-3.51042853078327,True,4
378,slope_shift,1.6,intercept_slope_recal,-0.0492926397421164,0.0543850372375248,0.412302398815009,-0.267339157889115,0.900508204417747,True,4
379,slope_shift,1.6,intercept_slope_recal,-0.115020457913293,0.127796130637756,0.878794706905877,-0.804647127771434,0.618920348194223,True,4
380,slope_shift,1.6,intercept_slope_recal,-0.0457656105676871,0.0481346833538985,0.339924746023,3.90749898158259,2.92103593403022,True,4
381,slope_shift,1.6,intercept_slope_recal,-0.0691097060496774,0.0795485969078776,0.625772371014957,0.330954233622453,1.19545188036292,True,4
382,slope_shift,1.6,intercept_slope_recal,-0.0156923952840497,0.0173005452087101,0.126745841451377,8.15232647844597,5.16644386808507,True,4
383,slope_shift,1.6,intercept_slope_recal,-0.0661027981338255,0.0677436796572628,0.471713323251462,-1.22209538215572,0.37704365814851,True,4
384,slope_shift,1.6,intercept_slope_recal,-0.1333858675825,0.136372808604617,1.02648211195818,-0.423323396680928,0.819092502695124,True,4
385,slope_shift,1.6,intercept_slope_recal,-0.0658956361445639,0.0707284234731778,0.499510478802187,0.475658332974364,1.26751540554552,True,4
386,slope_shift,1.6,intercept_slope_recal,-0.0163518407947422,0.0174448303359698,0.135378762424285,5.47848002422729,3.8025703336739,True,4
387,slope_shift,1.6,intercept_slope_recal,-0.116286509247564,0.136885663419021,1.00249890191082,-0.323929393792851,0.89385418341,True,4
388,slope_shift,1.6,intercept_slope_recal,-0.0848075567469818,0.0960435611149069,0.656146563424625,0.461237089329388,1.22210474812516,True,4
389,slope_shift,1.6,intercept_slope_recal,-0.0832785128270913,0.0862052911732857,0.650064534775014,-0.527829667513234,0.740503073528067,True,4
390,slope_shift,1.6,intercept_slope_recal,-0.106006911554406,0.128811675847039,0.922125140854412,-0.77369757494864,0.612572632345064,True,4
391,slope_shift,1.6,intercept_slope_recal,-0.10773985794987,0.110154787080594,0.780083520840454,-1.50178170243636,0.230567332963846,True,4
392,slope_shift,1.6,intercept_slope_recal,-0.0871436723994527,0.0946736432676143,0.657197860073413,1.79103688202435,1.97344061199682,True,4
393,slope_shift,1.6,intercept_slope_recal,-0.174921636939227,0.174552427847681,1.32427915643207,0.86058226414037,1.3908649173901,True,4
394,slope_shift,1.6,intercept_slope_recal,-0.0477104517039557,0.0549456657046451,0.478331733828952,0.868114357013001,1.44172947257284,True,4
395,slope_shift,1.6,intercept_slope_recal,-0.074127920615729,0.0911328406135449,0.714530331417787,2.79786011083121,2.39030373715347,True,4
396,slope_shift,1.6,intercept_slope_recal,-0.16226234200347,0.173820468367942,1.31932241252652,-0.712788329784296,0.651176503442368,True,4
397,slope_shift,1.6,intercept_slope_recal,-0.152167275126595,0.162944490555694,1.1391800233862,-0.787924443428472,0.629696109931354,True,4
398,slope_shift,1.6,intercept_slope_recal,-0.0508402558830272,0.0625366412412846,0.455745057775151,0.0119033275638,1.01465203910021,True,4
399,slope_shift,1.6,intercept_slope_recal,-0.0294904375667159,0.0310210372469684,0.218484954884611,4.46473211160404,3.28943314911411,True,4
400,slope_shift,1.6,intercept_slope_recal,-0.164194639537773,0.17554041675596,1.23271135717068,-1.1653024856228,0.383347629969526,True,4
401,slope_shift,1.6,intercept_slope_recal,-0.0423969687492087,0.0425412582629979,0.35696011972723,3.24480027165536,2.68169422909448,True,4
402,slope_shift,1.6,intercept_slope_recal,-0.0025326845823528,0.0025985927875718,0.01919909328238,-72.0085796041823,-34.3187350606348,True,4
403,slope_shift,1.6,intercept_slope_recal,-0.0684404071198996,0.0719632552923341,0.51539633824335,-0.261237338694622,0.827756421856652,True,4
404,slope_shift,1.6,intercept_slope_recal,-0.0806357207396153,0.0919223098772268,0.587925816203953,1.92662616996613,2.00903054070906,True,4
405,slope_shift,1.6,intercept_slope_recal,-0.0800019367402607,0.0858783492811117,0.621848218655155,-0.0451648555663842,0.97734885913164,True,4
406,slope_shift,1.6,intercept_slope_recal,-0.191461824700058,0.220931092461703,1.55734922285544,-1.19001649034244,0.348670645371627,True,4
407,slope_shift,1.6,intercept_slope_recal,-0.019912256671575,0.0197167167003815,0.133588720500997,10.3723443873789,6.241406628745,True,4
408,slope_shift,1.6,intercept_slope_recal,-0.165398022167029,0.177665116232359,1.33722336898022,-0.721557455612184,0.676106833676684,True,4
409,slope_shift,1.6,intercept_slope_recal,-0.169058328986533,0.193885421138566,1.48514303896566,-0.571331962622638,0.723136021054446,True,4
410,slope_shift,1.6,intercept_slope_recal,-0.0827034907640965,0.0907431178089677,0.705974383935846,-1.76572235119718,0.0802560940255662,True,4
411,slope_shift,1.6,intercept_slope_recal,-0.114714361639433,0.123479075046523,0.844313461259898,0.0855145205020735,1.04237453882706,True,4
412,slope_shift,1.6,intercept_slope_recal,-0.0529549606765012,0.0558428923585358,0.381135048397359,2.2196295022674,2.07580149196338,True,4
413,slope_shift,1.6,intercept_slope_recal,-0.0744730883527788,0.0882289049726224,0.657429148214872,1.53406595281811,1.78154688900486,True,4
414,slope_shift,1.6,intercept_slope_recal,-0.155660903928754,0.170018765098741,1.19444492651678,-0.497039566784198,0.794872606162301,True,4
415,slope_shift,1.6,intercept_slope_recal,-0.131126231532011,0.144968351791187,1.10894857356186,-1.92476435851984,0.0502269286770155,True,4
416,slope_shift,1.6,intercept_slope_recal,-0.128478448809931,0.132363553791117,0.929362881785713,-1.95068902499475,0.0665599020144766,True,4
417,slope_shift,1.6,intercept_slope_recal,-0.136090934069926,0.136993077662854,0.958538458829464,-0.463741594903816,0.753325273857282,True,4
418,slope_shift,1.6,intercept_slope_recal,-0.0792798344770142,0.0859961424092903,0.602282452928136,-0.240801051981575,0.898728909222365,True,4
419,slope_shift,1.6,intercept_slope_recal,-0.112024269737538,0.123242564051959,0.92644024914475,0.142673262441747,1.09421608653638,True,4
420,slope_shift,1.6,intercept_slope_recal,-0.105256573597487,0.109430741497001,0.824556075090449,-2.54643456842925,-0.282822650751466,True,4
421,slope_shift,1.6,intercept_slope_recal,-0.125696345603731,0.126048942488787,0.932681518897587,0.476684440902657,1.29823045953031,True,4
422,slope_shift,1.6,intercept_slope_recal,-0.163066375190736,0.178698914098067,1.2249085827554,-0.704979011474557,0.641036324886453,True,4
423,slope_shift,1.6,intercept_slope_recal,-0.196118770433653,0.223687938849296,1.76351225653892,-0.0808590348352253,0.915491309573773,True,4
424,slope_shift,1.6,intercept_slope_recal,-0.0981441009809228,0.117808357380119,0.968206891782986,0.685283875391008,1.36932185011582,True,4
425,slope_shift,1.6,intercept_slope_recal,-0.0376002745115549,0.0413097958279308,0.276927506497366,2.60143753347531,2.25294638892763,True,4
426,slope_shift,1.6,intercept_slope_recal,-0.0820149083315267,0.0808392605061024,0.651957871204581,1.19067597576083,1.60164532177039,True,4
427,slope_shift,1.6,intercept_slope_recal,-0.0194738052770805,0.0208419514898789,0.15940974797426,-2.60867307322346,-0.330101385191847,True,4
428,slope_shift,1.6,intercept_slope_recal,-0.0151472484247707,0.0157636787651674,0.111720368225205,18.6496612681818,10.4280594484987,True,4
429,slope_shift,1.6,intercept_slope_recal,-0.0915942164418861,0.10109350195096,0.739279826647751,-0.651219492751795,0.705071814137275,True,4
430,slope_shift,1.6,intercept_slope_recal,-0.091238225870763,0.0868556127284483,0.660561718188536,0.138766899804184,1.10352936692371,True,4
431,slope_shift,1.6,intercept_slope_recal,-0.0987972748986399,0.102354348229602,0.684734326656268,-2.12132980761537,-0.0904062660399892,True,4
432,slope_shift,1.6,intercept_slope_recal,0.0110122551685926,0.0116802886584218,0.0863094764042107,-18.0460159959182,-8.208547575015,True,4
433,slope_shift,1.6,intercept_slope_recal,-0.082492646274137,0.0883129233503042,0.675211773946647,1.30734553070121,1.74111739663057,True,4
434,slope_shift,1.6,intercept_slope_recal,-0.0814635914416078,0.0771040953497765,0.572699306431983,0.850864168348833,1.41084571195714,True,4
435,slope_shift,1.6,intercept_slope_recal,0.0247769151477129,0.0269064301627296,0.194039896085794,-4.96814304374821,-1.46317358783565,True,4
436,slope_shift,1.6,intercept_slope_recal,-0.0804056521423075,0.0834083212671778,0.587747305934547,1.15947419109816,1.64136417652518,True,4
437,slope_shift,1.6,intercept_slope_recal,-0.114440213926174,0.120340151822214,0.837690602158499,-0.727826051449574,0.581071456517108,True,4
438,slope_shift,1.6,intercept_slope_recal,-0.0016856977719118,0.0017428114431067,0.0121870780107314,89.1694451504411,45.988313590918,True,4
439,slope_shift,1.6,intercept_slope_recal,-0.113980078338036,0.137578347026328,1.01364200170609,-0.261875877695716,0.868201575695236,True,4
440,slope_shift,1.6,intercept_slope_recal,-0.125520129537745,0.153053607888405,1.15729948615939,0.278177619225887,1.10021332307896,True,4
441,slope_shift,1.6,intercept_slope_recal,-0.0315712448557134,0.0332150043052401,0.282949242777534,1.23747821152633,1.61505435217546,True,4
442,slope_shift,1.6,intercept_slope_recal,-0.106402257119784,0.112152962766977,0.762949064628392,1.4608065287242,1.89118489445491,True,4
443,slope_shift,1.6,intercept_slope_recal,-0.158457132411607,0.178714516132484,1.31329927009752,-0.244012814688711,0.878580060360728,True,4
444,slope_shift,1.6,intercept_slope_recal,0.0230853588339928,0.0241245057921072,0.169466728672501,-10.4838960219054,-4.28429945901545,True,4
445,slope_shift,1.6,intercept_slope_recal,-0.0300258838299368,0.0306972788610406,0.225667771956291,3.26210287986857,2.73404769863102,True,4
446,slope_shift,1.6,intercept_slope_recal,-0.0628536176209698,0.0699793334312833,0.471543294081364,-2.05131761309155,-0.0362349399879033,True,4
447,slope_shift,1.6,intercept_slope_recal,-0.118332817457636,0.136307630775317,1.07648662891429,-1.06690180571304,0.478153782447038,True,4
448,slope_shift,1.6,intercept_slope_recal,-0.0623090816498664,0.0679648965663206,0.546992475460527,1.34931339575213,1.65521786696413,True,4
449,slope_shift,1.6,intercept_slope_recal,-0.13620706950346,0.156212495986289,1.11973426765829,-0.103970949136925,0.901495203059949,True,4
450,slope_shift,1.6,intercept_slope_recal,-0.0371596447649864,0.0389042767056575,0.286394162597333,2.45556394194792,2.14454513181051,True,4
451,slope_shift,1.6,intercept_slope_recal,-0.114959160319629,0.128476290672501,0.925112347367602,-0.95101845533461,0.496155540574591,True,4
452,slope_shift,1.6,intercept_slope_recal,0.0354434368263443,0.037067174489928,0.278221428077051,-5.17229047764958,-1.60309060768239,True,4
453,slope_shift,1.6,intercept_slope_recal,-0.0959429541681247,0.0960113487365434,0.654031299649515,-0.0490286602243432,1.00917338126512,True,4
454,slope_shift,1.6,intercept_slope_recal,-0.020179575147248,0.021830168441214,0.161014628360541,2.24090435142678,2.18825262720888,True,4
455,slope_shift,1.6,intercept_slope_recal,0.0155874996785751,0.0179794704601146,0.128264182083143,-8.53673378268876,-3.19788848818922,True,4
456,slope_shift,1.6,intercept_slope_recal,-0.086425799670819,0.0893293414247091,0.64053888569456,0.316079654603534,1.1695251683526,True,4
457,slope_shift,1.6,intercept_slope_recal,-0.118160257797353,0.121740147580621,0.93238797095418,-1.57763714505928,0.207739905560556,True,4
458,slope_shift,1.6,intercept_slope_recal,-0.150022807984849,0.154986018884436,1.10395877479994,-0.269380282333454,0.933909992243205,True,4
459,slope_shift,1.6,intercept_slope_recal,0.0195729007034058,0.0211297128812414,0.159501802703314,-7.0618979821348,-2.39952788161336,True,4
460,slope_shift,1.6,intercept_slope_recal,-0.0225480141059929,0.0237607892069219,0.15598903267195,-1.03723166696163,0.506586843935436,True,4
461,slope_shift,1.6,intercept_slope_recal,-0.0299593915582625,0.0308667625234783,0.218646604127308,-1.66014566983311,0.127884378760939,True,4
462,slope_shift,1.6,intercept_slope_recal,-0.0644579842272009,0.07255438577588,0.580457193885923,2.23364963705012,2.09345666451269,True,4
463,slope_shift,1.6,intercept_slope_recal,-0.0573844395192815,0.0637334888553725,0.447254339626507,0.494202727007026,1.26621086688496,True,4
464,slope_shift,1.6,intercept_slope_recal,-0.0688454157008323,0.0696840766924867,0.511070993438951,1.55408454127073,1.75523917994017,True,4
465,slope_shift,1.6,intercept_slope_recal,-0.0878513199740918,0.0943315456759431,0.697203916288534,1.00680809227669,1.43325443478656,True,4
466,slope_shift,1.6,intercept_slope_recal,-0.004199956485564,0.0044508754991875,0.0323688958807857,8.32700944624218,5.43988224067197,True,4
467,slope_shift,1.6,intercept_slope_recal,-0.120258890041089,0.12321136690201,0.906940688586763,0.803507356918699,1.37879707218256,True,4
468,slope_shift,1.6,intercept_slope_recal,-0.217298352141902,0.227797056444302,1.55711299736591,-0.3445612198633,0.846511424340822,True,4
469,slope_shift,1.6,intercept_slope_recal,-0.17647145424168,0.187717382826926,1.29469187318231,0.471148689133731,1.20910407969016,True,4
470,slope_shift,1.6,intercept_slope_recal,-0.14008132063712,0.155821592759663,1.23234426920823,-0.100170574349864,1.01413381260474,True,4
471,slope_shift,1.6,intercept_slope_recal,0.0750240303610892,0.0786748901709916,0.638974797087512,-2.5335783157696,-0.243002907555182,True,4
472,slope_shift,1.6,intercept_slope_recal,-0.0446232700054718,0.0469124717494129,0.336653245044542,0.127445192573441,1.07219374465488,True,4
473,slope_shift,1.6,intercept_slope_recal,-0.134519093915673,0.149658243297206,1.08684196559827,-0.380931985037584,0.811243570556993,True,4
474,slope_shift,1.6,intercept_slope_recal,-0.155701702138723,0.16516249664301,1.36093175343416,-1.12799419043275,0.429586025783475,True,4
475,slope_shift,1.6,intercept_slope_recal,-0.0057726976020998,0.006082477003963,0.0451829367934984,10.9499090998171,6.43341663856267,True,4
476,slope_shift,1.6,intercept_slope_recal,-0.0496696916053842,0.052981886298396,0.40589062666925,2.5357222382012,2.25900264473874,True,4
477,slope_shift,1.6,intercept_slope_recal,-0.158986871583376,0.148279270886348,1.05702974074628,-0.8038507821409,0.63513339943905,True,4
478,slope_shift,1.6,intercept_slope_recal,-0.107012890083355,0.113522103004756,0.861490105136469,-0.0166980841265666,0.978887734681657,True,4
479,slope_shift,1.6,intercept_slope_recal,-0.0373781985824767,0.0388356457504266,0.310478641376432,6.55089161501604,4.17574687100053,True,4
480,slope_shift,1.6,intercept_slope_recal,-0.169577031738025,0.190605893937251,1.26181954480478,-1.21073121763739,0.399885026784885,True,4
481,slope_shift,1.6,intercept_slope_recal,-0.0895707061792889,0.0947879227787382,0.688646409855921,-1.28841704021635,0.358707550342368,True,4
482,slope_shift,1.6,intercept_slope_recal,-0.111596527555086,0.125358664093556,0.8695590526199,0.471133002528055,1.27544556962131,True,4
483,slope_shift,1.6,intercept_slope_recal,0.0305076516599943,0.0325813871247819,0.225504642913416,-8.01791303705355,-2.97359476586824,True,4
484,slope_shift,1.6,intercept_slope_recal,-0.0449631310886234,0.0444726983975073,0.345688689162148,3.23389828505129,2.60733988898491,True,4
485,slope_shift,1.6,intercept_slope_recal,-0.143678691332478,0.157335062513318,1.1039770799914,0.469368418153249,1.23727754708652,True,4
486,slope_shift,1.6,intercept_slope_recal,-0.0463511704794665,0.0455504483303016,0.320430052901149,4.18375459655658,3.10611363363949,True,4
487,slope_shift,1.6,intercept_slope_recal,-0.0347905014926507,0.0389111338164599,0.292180968522683,-0.0978456126867217,0.897900703065297,True,4
488,slope_shift,1.6,intercept_slope_recal,-0.100817299195704,0.111098955705705,0.76127598536721,0.202203899490014,1.0752328951532,True,4
489,slope_shift,1.6,intercept_slope_recal,0.0022665164816824,0.0024112827546898,0.0198264738949843,-99.9935736923155,-47.9306375690947,True,4
490,slope_shift,1.6,intercept_slope_recal,-0.0332343353241176,0.0353001746200328,0.277708330840209,4.51748920552364,3.32831951663884,True,4
491,slope_shift,1.6,intercept_slope_recal,-0.17868736812542,0.189967167634952,1.34950688301414,0.292658263627718,1.16115125944606,True,4
492,slope_shift,1.6,intercept_slope_recal,-0.0499760734457846,0.0560634067234261,0.415577841472201,0.549284222054669,1.30659806488956,True,4
493,slope_shift,1.6,intercept_slope_recal,-0.0782151852660558,0.077344381339898,0.517519495586229,3.56467078389203,2.78814896643515,True,4
494,slope_shift,1.6,intercept_slope_recal,-0.107947374865333,0.120091258825324,0.842707564205371,1.36288537157728,1.62958313289951,True,4
495,slope_shift,1.6,intercept_slope_recal,-0.122320964273219,0.128850726821446,0.958089322398897,-0.143112472995146,0.924566484347045,True,4
496,slope_shift,1.6,intercept_slope_recal,-0.13550864403622,0.150900305284471,1.17582327073162,-0.300549320095152,0.837016809511434,True,4
497,slope_shift,1.6,intercept_slope_recal,-0.0835898057329931,0.083288425207461,0.56856318305822,0.95617918096168,1.44452647048033,True,4
498,slope_shift,1.6,intercept_slope_recal,-0.0662461247064596,0.0764389634045723,0.572445916004016,0.133854516773673,1.08977290650944,True,4
499,slope_shift,1.6,intercept_slope_recal,-0.0200335645876874,0.0225929818312075,0.170785806567511,8.33008697121312,5.09061312241358,True,4
500,slope_shift,1.6,intercept_slope_recal,-0.0870629936188081,0.102474579596038,0.746416938464526,0.864891527882648,1.40333378447005,True,4
