"shift_type","shift_value","R","mean_baseline_threshold","mean_adapted_threshold","mean_threshold_change","mcse_threshold_change","mean_frozen_BA","mean_adapted_BA","mean_BA_gain","mcse_BA_gain"
"covariate_misspecified",0,500,0.15984,0.1611,0.00126,0.00112985749362998,0.729363965926559,0.729602827527129,0.000238861600569904,0.000227287633435636
"covariate_misspecified",0.5,500,0.15984,0.2131,0.05326,0.00120192931079006,0.756126210215316,0.768397476207935,0.0122712659926188,0.000492298828544542
"covariate_misspecified",1,500,0.15984,0.27229,0.11245,0.00121994735258788,0.737638134965305,0.784514054290475,0.0468759193251706,0.000840494608514793
"covariate_misspecified",1.5,500,0.15984,0.33217,0.17233,0.00139309857773762,0.6992842957643,0.793542788297539,0.0942584925332396,0.00107182095702297
"covariate_misspecified",2,500,0.15984,0.39397,0.23413,0.00147619256500565,0.655529169749479,0.803063719181045,0.147534549431567,0.00112957419584139
"intercept_shift",0,500,0.12095,0.12144,0.00049,0.00091459979530456,0.691108720624174,0.691081213949112,-0.0000275066750619716,0.000243580188805034
"intercept_shift",0.25,500,0.12095,0.1182,-0.00275,0.000893404355644952,0.690747961897355,0.6912430159876,0.000495054090244676,0.000229617971260942
"intercept_shift",0.5,500,0.12095,0.11418,-0.00677,0.00086887518561434,0.688334695010635,0.689187390153404,0.000852695142768998,0.000241477033843745
"intercept_shift",0.75,500,0.12095,0.11168,-0.00927,0.00082813393338472,0.686187685226223,0.687310272873212,0.00112258764698919,0.000242483186186022
"intercept_shift",1,500,0.12095,0.10577,-0.01518,0.000794605560005707,0.68403656581754,0.686557087741736,0.00252052192419609,0.000275798654447876
"slope_shift",0,500,0.12061,0.12057,-0.0000399999999999995,0.00092915200419188,0.691113999757937,0.691125963340794,0.0000119635828567742,0.00023415292030425
"slope_shift",0.4,500,0.12061,0.1112,-0.00940999999999999,0.000998798777530284,0.644565085601724,0.644048581541895,-0.000516504059828712,0.000284573421579051
"slope_shift",0.8,500,0.12061,0.10302,-0.01759,0.00111452596931276,0.588985277700471,0.589228702314395,0.00024342461392442,0.00029899518593776
"slope_shift",1.2,500,0.12061,0.09786,-0.02275,0.00179561227632632,0.533249675667907,0.532743722727651,-0.000505952940256052,0.000368647242707007
"slope_shift",1.6,500,0.12061,0.24542,0.12481,0.00885413005540782,0.481999276297792,0.493951145010133,0.0119518687123411,0.000562717710731492
