"shift_type","shift_value","method","R","event_rate","mean_log_loss","sd_log_loss","mcse_log_loss","mean_brier","sd_brier","mcse_brier","mean_auc","sd_auc","mcse_auc","mean_cal_intercept","sd_cal_intercept","mcse_cal_intercept","mean_cal_slope","sd_cal_slope","mcse_cal_slope"
"covariate_misspecified",0,"deployment_refit",500,0.1204088,0.300884934160115,0.00927717320317115,0.000414887798426603,0.0843273920989157,0.00293628327090582,0.000131314579898817,0.787536295091505,0.0110152985168318,0.000492619125521771,0.00196528220841182,0.127606356844277,0.00570672976529799,0.998210370740858,0.0768050671107034,0.00343482702151932
"covariate_misspecified",0,"importance_weighted_refit",500,0.1204088,0.300859821623636,0.00926015235533848,0.000414126602970832,0.0843236725409823,0.00294005484859668,0.000131483249980801,0.787571054059856,0.0111005186504602,0.000496430285758663,0.00149315009462216,0.127709918817555,0.00571136119754067,0.998801783881752,0.0747824819546669,0.00334437426353573
"covariate_misspecified",0,"intercept_recal",500,0.1204088,0.300854042444115,0.00925382028939291,0.000413843424372986,0.0843240156034594,0.00293518106941443,0.000131265287949624,0.787571054059856,0.0111005186504602,0.000496430285758663,0.00282458388299437,0.127677918244399,0.00570993008840274,0.998801783881752,0.074782481954667,0.00334437426353573
"covariate_misspecified",0,"intercept_slope_recal",500,0.1204088,0.300874449222946,0.00925033290712871,0.000413687463896861,0.0843540622198802,0.00291598159682477,0.000130406661432771,0.787571054059856,0.0111005186504602,0.000496430285758663,0.00857073231223901,0.129040209991189,0.00577085362742293,1.00251642214939,0.0774602960267459,0.00346412974946121
"covariate_misspecified",0,"none",500,0.1204088,0.300859821623636,0.00926015235533848,0.000414126602970832,0.0843236725409823,0.00294005484859668,0.000131483249980801,0.787571054059856,0.0111005186504602,0.000496430285758663,0.00149315009462216,0.127709918817555,0.00571136119754067,0.998801783881752,0.0747824819546669,0.00334437426353573
"covariate_misspecified",0.5,"deployment_refit",500,0.1875652,0.346241646970643,0.00926131059217536,0.000414178400896859,0.102447943508089,0.00291222885414328,0.000130238833678014,0.8450252553754,0.00800969177273508,0.000358204305653129,0.00373013522766453,0.0749519148627168,0.00335195153353623,1.00654194264342,0.0612842516589082,0.00274071505319046
"covariate_misspecified",0.5,"importance_weighted_refit",500,0.1875652,0.346461555787362,0.00933642130084696,0.000417537453905417,0.102648619716953,0.00298221941099838,0.000133368906536235,0.844970386704915,0.00807324768566059,0.000361046612486599,0.0177960287044873,0.102984607065105,0.00460561164067358,1.0133795135378,0.0651811155879617,0.00291498810607907
"covariate_misspecified",0.5,"intercept_recal",500,0.1875652,0.35510469188175,0.00834800237657721,0.000373334015807129,0.107504177765343,0.00307448602828447,0.000137495195102348,0.842604991741147,0.00812418079044161,0.000363324410178508,0.362135093023887,0.114820674318477,0.00513493665996959,1.33130202299897,0.0929388216550413,0.00415635045938804
"covariate_misspecified",0.5,"intercept_slope_recal",500,0.1875652,0.349498373947904,0.00933454811368839,0.000417453682428993,0.104753715483847,0.00312838066451101,0.000139905436506852,0.842604991741147,0.00812418079044161,0.000363324410178508,0.00616620778536287,0.0762715823397105,0.0034109688572613,1.00859612342947,0.0601148901155618,0.00268841961516653
"covariate_misspecified",0.5,"none",500,0.1875652,0.35559707172922,0.00872683858009255,0.000390276085875094,0.108029161279189,0.00325164991353871,0.000145418204914077,0.842604991741147,0.00812418079044161,0.000363324410178508,0.476810651940695,0.148804177794841,0.00665472513770458,1.33130202299897,0.0929388216550413,0.00415635045938804
"covariate_misspecified",1,"deployment_refit",500,0.2952236,0.394733483291113,0.00855144865803566,0.000382432410109342,0.122195760896593,0.00281998360013641,0.000126113500506792,0.872550710985604,0.00580402660975571,0.000259563960852628,0.00406118561142781,0.0577904153783393,0.00258446594467832,1.00354314396131,0.0510199606140318,0.00228168200284674
"covariate_misspecified",1,"importance_weighted_refit",500,0.2952236,0.395468546681076,0.00866084844965335,0.000387324917524971,0.122595204628188,0.00290105707148233,0.000129739216368819,0.872292995925593,0.0058740674486608,0.000262696282392486,0.0286499368032142,0.0948693721737368,0.00424268730326405,1.01941279672903,0.0597201237051734,0.00267076512458929
"covariate_misspecified",1,"intercept_recal",500,0.2952236,0.42191690163719,0.00830146382618773,0.000371252748562225,0.133234456776811,0.00323191007974785,0.000144535412709659,0.86500401205514,0.00678661401481065,0.000303506605483388,0.352053856627223,0.0885686961725902,0.00396091250640874,1.54834199842923,0.0965370155880334,0.00431726658399599
"covariate_misspecified",1,"intercept_slope_recal",500,0.2952236,0.405472856790374,0.00940410908641315,0.000420564543700865,0.127561590366665,0.00345955363921821,0.000154715942181974,0.86500401205514,0.00678661401481065,0.000303506605483388,0.00495073537467978,0.0581464346006305,0.00260038760832511,1.00483870585304,0.0491268335054011,0.00219701878474782
"covariate_misspecified",1,"none",500,0.2952236,0.428168335236306,0.0105972065521024,0.000473921484442142,0.137113035709368,0.00442012657254401,0.000197674069707231,0.86500401205514,0.00678661401481065,0.000303506605483388,0.778613925432009,0.156497644050446,0.00699878740830727,1.54834199842923,0.0965370155880334,0.00431726658399599
"covariate_misspecified",1.5,"deployment_refit",500,0.435144,0.414182792904291,0.00812817250971786,0.000363502925291484,0.131529312855305,0.00292382518901312,0.00013075743753919,0.889624686232337,0.00466562065505487,0.000208652898838596,0.00199787072913914,0.0524166153109795,0.00234414229971613,1.00211432343875,0.0414237792730358,0.0018525277267891
"covariate_misspecified",1.5,"importance_weighted_refit",500,0.435144,0.41600126348741,0.00821478560852179,0.000367376380824834,0.132237605186936,0.00295856215497766,0.000132310921883766,0.889062157798501,0.00476067061128823,0.000212903662106519,0.036236722332854,0.104883823220909,0.00469054716924049,1.03208653533424,0.0695858493136596,0.003111973786748
"covariate_misspecified",1.5,"intercept_recal",500,0.435144,0.46096432614981,0.00892237079903487,0.000399020552542022,0.147873275532092,0.00354907164103103,0.000158719308927242,0.87742866143245,0.0067053244323002,0.000299871224836269,0.135036064144661,0.0634898608046742,0.00283935289282502,1.70541610524676,0.108814991027546,0.00486635433817246
"covariate_misspecified",1.5,"intercept_slope_recal",500,0.435144,0.433584932990677,0.0107410789214393,0.00048035565240057,0.139769741711433,0.00411592642908463,0.000184069825716424,0.87742866143245,0.0067053244323002,0.000299871224836269,0.00298608090111583,0.0514581248187523,0.00230127730178798,1.00303473235962,0.0421360164002448,0.00188437993943986
"covariate_misspecified",1.5,"none",500,0.435144,0.485928469845975,0.0159622365831601,0.000713852921457597,0.160111767141266,0.00692224038458671,0.000309572001130603,0.87742866143245,0.0067053244323002,0.000299871224836269,1.01693247987611,0.179684099035205,0.00803571719837045,1.70541610524676,0.108814991027546,0.00486635433817246
"covariate_misspecified",2,"deployment_refit",500,0.590224,0.387255264927213,0.00784215366081545,0.000350711773511644,0.123776983872313,0.00283609152965272,0.000126833869014297,0.903897617992848,0.00408237787599064,0.000182569488811126,-0.00223671208137144,0.0590965446831308,0.00264287782293668,0.999945525437744,0.0413333029875721,0.00184848150429613
"covariate_misspecified",2,"importance_weighted_refit",500,0.590224,0.390139557271712,0.00824896890859368,0.000368905104477954,0.124672131243033,0.00296491714112967,0.000132595125504406,0.903056459642403,0.00424787896634276,0.000189970922578679,0.0385512897859795,0.116898515936323,0.00522786056204923,1.04373106662747,0.0820243151924866,0.00366823889156537
"covariate_misspecified",2,"intercept_recal",500,0.590224,0.446794102408179,0.00915607407785982,0.000409472080902365,0.142825255117466,0.00353148006260241,0.000157932589623284,0.888111358015631,0.0064917858042608,0.000290321487073906,-0.216235938346342,0.0733258066450028,0.00327922976326464,1.8189677478621,0.112599913756288,0.00503562122839349
"covariate_misspecified",2,"intercept_slope_recal",500,0.590224,0.412954762294599,0.0108364372759287,0.000484620207657785,0.133489184962031,0.0040383175892738,0.000180599052886986,0.888111358015631,0.0064917858042608,0.000290321487073906,-0.0022965818808776,0.0565553649546558,0.00252923281061839,1.00067105103348,0.0408965668532358,0.001828950070604
"covariate_misspecified",2,"none",500,0.590224,0.505884292640558,0.0226425191757128,0.00101260424117473,0.167649514173135,0.00971083433157397,0.000434281713672763,0.888111358015631,0.0064917858042608,0.000290321487073906,1.22671686309679,0.195604755662851,0.00874771060768745,1.8189677478621,0.112599913756288,0.00503562122839349
"intercept_shift",0,"deployment_refit",500,0.1197808,0.31660414423251,0.00882296805474611,0.000394575126674428,0.093225533911994,0.00307413785596666,0.000137479624362938,0.761755765855372,0.00997675189137573,0.000446173908475315,-0.00928808946015893,0.12836916284009,0.00574084348650361,0.995623878819162,0.0676978699702945,0.0030275407837104
"intercept_shift",0,"intercept_recal",500,0.1197808,0.316617890594814,0.00879147278987905,0.000393166615610186,0.0932318298585903,0.00305618781468933,0.000136676874113038,0.761795897386424,0.00996750351850014,0.000445760308666693,-0.00724075731450414,0.140491163209801,0.00628295582350265,0.996785192718212,0.0732381042277504,0.00327530759192929
"intercept_shift",0,"intercept_slope_recal",500,0.1197808,0.31658537365957,0.00878477470543172,0.00039286706816732,0.0932203018644414,0.00306765820824878,0.000137189845707589,0.761795897386424,0.00996750351850014,0.000445760308666693,-0.000805648438784299,0.129620400322117,0.00579680052781976,1.00070290704085,0.0683533325714398,0.0030568539623678
"intercept_shift",0,"none",500,0.1197808,0.316612183323069,0.00879959131453984,0.000393529687070556,0.093231300748536,0.003067144134716,0.000137166855640295,0.761795897386424,0.00996750351850014,0.000445760308666693,-0.00323824854452494,0.142133817837273,0.00635641757171428,0.996785192718212,0.0732381042277503,0.00327530759192929
"intercept_shift",0.25,"deployment_refit",500,0.1448788,0.35587122620682,0.00811366969918073,0.000362854339886968,0.107913781861224,0.00292452357687359,0.000130788670393803,0.761311804497746,0.00963493451352806,0.000430887370620152,-0.00593511347586562,0.115182109853969,0.00515110054850645,0.998467658413026,0.0647986187514949,0.0028978823275287
"intercept_shift",0.25,"intercept_recal",500,0.1448788,0.355921767974206,0.00814940208091772,0.000364452340578205,0.107934267284161,0.00293737189272937,0.000131363264546802,0.761264366558697,0.0096874941396409,0.000433237908557358,-0.00415007616157842,0.120597758396839,0.00539329571418856,0.999722807070637,0.0692909930286203,0.00309878741280918
"intercept_shift",0.25,"intercept_slope_recal",500,0.1448788,0.355898393862097,0.00812128382532727,0.000363194853960026,0.107924517781621,0.00293197242486717,0.000131121793003158,0.761264366558697,0.0096874941396409,0.000433237908557358,0.000837837058099628,0.116568805955457,0.00521311548344769,1.00312821875968,0.0657308623825168,0.00293957353013983
"intercept_shift",0.25,"none",500,0.1448788,0.359173001801584,0.00910239922185269,0.000407071668368076,0.108831418621255,0.00316986891041936,0.000141760847269218,0.761264366558697,0.0096874941396409,0.000433237908557358,0.251090197728208,0.137700842423366,0.00615816888435267,0.999722807070637,0.0692909930286202,0.00309878741280918
"intercept_shift",0.5,"deployment_refit",500,0.1741104,0.396575441694561,0.00852298139268946,0.000381159315300389,0.123519512264716,0.00318366866602596,0.000142377991101403,0.759530727842088,0.00832407753748152,0.000372264064475754,0.00123045741989643,0.0951329407328837,0.00425447444756373,1.00232243013176,0.0603058220805398,0.0026969583522219
"intercept_shift",0.5,"intercept_recal",500,0.1741104,0.396668973967987,0.00851696244455175,0.00038089013975661,0.123554020172439,0.00318490406968843,0.000142433240032781,0.759454368606527,0.00841984865561454,0.000376547079084287,-0.000716690240528801,0.105847612371748,0.00473364913038553,1.00073946983157,0.0681392234077746,0.00304727870947658
"intercept_shift",0.5,"intercept_slope_recal",500,0.1741104,0.396620753440382,0.00853603191379622,0.00038174295234712,0.123537527255188,0.00319617055728234,0.000142937092675334,0.759454368606527,0.00841984865561454,0.000376547079084287,0.00630112970041841,0.0964847945189803,0.00431493118679078,1.00627353961992,0.0610918229245859,0.00273210937857508
"intercept_shift",0.5,"none",500,0.1741104,0.411067667780472,0.0110374514069443,0.000493609832885564,0.12763973272178,0.00380730804460094,0.00017026799198019,0.759454368606527,0.00841984865561454,0.000376547079084287,0.505523643416416,0.132902476893438,0.00594357945423643,1.00073946983157,0.0681392234077747,0.00304727870947658
"intercept_shift",0.75,"deployment_refit",500,0.20723,0.437088322514229,0.00803254340119756,0.000359226261545902,0.139384527811417,0.00303842045223518,0.00013588229350847,0.7571151422688,0.00839727183830956,0.000375537413120096,-0.00302182041186748,0.0912313274769133,0.00407998899831845,0.99544826455734,0.0622764562211433,0.00278508779016532
"intercept_shift",0.75,"intercept_recal",500,0.20723,0.437203684802765,0.00800576611278569,0.000358028744803061,0.139420837448495,0.00302017930548769,0.000135066524626171,0.757043232261822,0.00842239762966786,0.000376661072669409,-0.0028715222016344,0.0969312236783956,0.0043348961057426,0.995532930969774,0.0703393164861912,0.0031456698630799
"intercept_shift",0.75,"intercept_slope_recal",500,0.20723,0.437141442796018,0.00800057148481897,0.000357796433978033,0.139403767929926,0.00302383972672522,0.00013523022364044,0.757043232261822,0.00842239762966786,0.000376661072669409,0.00119884089704887,0.0914319810851684,0.00408896250047823,0.999260510561583,0.0623477246341705,0.00278827501048887
"intercept_shift",0.75,"none",500,0.20723,0.472481602965214,0.0125504989653858,0.00056127537676287,0.149597557664124,0.00418675456954428,0.000187237356452177,0.757043232261822,0.00842239762966786,0.000376661072669409,0.746778177808348,0.140929250152051,0.00630254766716117,0.995532930969774,0.0703393164861913,0.00314566986307991
"intercept_shift",1,"deployment_refit",500,0.2434416,0.474511224564042,0.0076480059240877,0.000342029222771624,0.154387216065807,0.00297888582316914,0.000133219823956332,0.755645933704511,0.00816591052059434,0.000365190620444593,-0.00573024242902768,0.0748897530673978,0.0033491715735375,0.994375806698473,0.0562243485334032,0.0025144293062266
"intercept_shift",1,"intercept_recal",500,0.2434416,0.47474759360909,0.00770326867301737,0.000344500648036229,0.154465966925998,0.00299702777321785,0.000134031156627399,0.755410310387196,0.00825989104490055,0.000369393557262788,-0.00568055098118714,0.0825643358876081,0.00369238935123634,0.994457909432724,0.067596488351325,0.00302300685987671
"intercept_shift",1,"intercept_slope_recal",500,0.2434416,0.47465734140785,0.00767679942045868,0.000343316907075532,0.154439026798095,0.00299049378835631,0.000133738947941112,0.755410310387196,0.00825989104490055,0.000369393557262788,-0.00299906387593035,0.0754476275956572,0.00337412048089957,0.997384436792666,0.0569365696122464,0.00254628080117264
"intercept_shift",1,"none",500,0.2434416,0.5420437372712,0.0136033778449445,0.000608361551698212,0.174282436525021,0.0044354572188047,0.000198359677050789,0.755410310387196,0.00825989104490055,0.000369393557262788,0.992391885228737,0.137369148872768,0.00614333509781595,0.994457909432724,0.067596488351325,0.00302300685987671
"slope_shift",0,"deployment_refit",500,0.1199744,0.316872350115339,0.008836593171072,0.000395184460400548,0.0933575981646867,0.00309294975180333,0.000138320917920467,0.761986541569655,0.0105375138123234,0.00047125194396396,-0.00541988499436742,0.133533933979114,0.00597181907360537,0.998373689427871,0.0700230020652113,0.00313152385212841
"slope_shift",0,"intercept_recal",500,0.1199744,0.316907195358005,0.00885828585698663,0.000396154586806942,0.0933668590036901,0.00309502862018506,0.000138413887740823,0.761947562485277,0.010545191677666,0.000471595308540526,-0.00966824760308786,0.136971697121646,0.00612556051515025,0.995767220066803,0.0716513321670988,0.003204344988081
"slope_shift",0,"intercept_slope_recal",500,0.1199744,0.316887818508512,0.00882350844801945,0.000394599293796303,0.0933630619601978,0.00309014275546735,0.00013819538522807,0.761947562485277,0.010545191677666,0.000471595308540526,0.0026070827648885,0.134338251949741,0.00600778926676229,1.00325919401276,0.0704178096220832,0.00314918018283234
"slope_shift",0,"none",500,0.1199744,0.316915024156718,0.00887711791419097,0.000396996782008243,0.0933667643862048,0.00309622232229684,0.00013846727172216,0.761947562485277,0.010545191677666,0.000471595308540526,-0.00375277199042555,0.136153431373293,0.00608896655841071,0.995767220066803,0.0716513321670988,0.00320434498808101
"slope_shift",0.4,"deployment_refit",500,0.1200872,0.335322452793257,0.00893709712303849,0.000399679133772637,0.0981909416922322,0.00319440006314582,0.000142857913770474,0.712654703332106,0.0115624505818959,0.000517088509752024,-0.00465287621054347,0.174871584081534,0.00782049498678762,0.997268054918449,0.0910108474843868,0.00407012883329909
"slope_shift",0.4,"intercept_recal",500,0.1200872,0.342409789457454,0.0097495439132327,0.000436012858792153,0.100019561950652,0.00327009181488175,0.000146242951814825,0.702199657640931,0.0116094051511849,0.000519188381927713,-0.491426886425783,0.117994375142081,0.00527686887560608,0.718609189224117,0.0579971510540675,0.00259371144516437
"slope_shift",0.4,"intercept_slope_recal",500,0.1200872,0.33858759787308,0.00896523476827283,0.000400937487522053,0.0990286626365162,0.00322050045370505,0.000144025158721068,0.702199657640931,0.0116094051511849,0.000519188381927713,0.0110755141198885,0.180738203665996,0.00808285819056737,1.00622036817899,0.0926152007401113,0.00414187769209355
"slope_shift",0.4,"none",500,0.1200872,0.342403323400739,0.00977981959348241,0.00043736682837422,0.100001528082706,0.00326538794218703,0.000146032588232767,0.702199657640931,0.0116094051511849,0.000519188381927713,-0.488373120437236,0.117427589691184,0.0052515214596688,0.718609189224117,0.0579971510540675,0.00259371144516437
"slope_shift",0.8,"deployment_refit",500,0.1197796,0.341684479378501,0.00951755123974219,0.000425637831028019,0.0997127519527944,0.00342678088314157,0.000153250299974026,0.689389133279881,0.0111464925676208,0.000498486301837923,-0.00281071966589787,0.188785160540123,0.00844272904221853,0.998108891689457,0.0960683541691227,0.00429630740817367
"slope_shift",0.8,"intercept_recal",500,0.1197796,0.372526819318046,0.0120319563114923,0.00053808544429609,0.107168244676064,0.00373941041781358,0.000167231517800041,0.628240883568977,0.0141331155533095,0.00063205214222119,-1.03927866292609,0.11797225037368,0.00527587942588349,0.434114267302675,0.0542688369921814,0.00242697617148746
"slope_shift",0.8,"intercept_slope_recal",500,0.1197796,0.35550912284334,0.00975694153648086,0.000436343690561249,0.103021075776477,0.00358091813425543,0.000160143527401137,0.628240883568977,0.0141331155533095,0.00063205214222119,0.0194150998811995,0.276584269856413,0.0123692245781217,1.010149460466,0.14014009171328,0.00626725542887896
"slope_shift",0.8,"none",500,0.1197796,0.37250094900625,0.0120445332415126,0.000538647901705559,0.107145583251931,0.00373601693702557,0.000167079756725595,0.628240883568977,0.0141331155533095,0.00063205214222119,-1.03867138343358,0.116579544973185,0.00521359574692072,0.434114267302675,0.0542688369921814,0.00242697617148745
"slope_shift",1.2,"deployment_refit",500,0.1202592,0.335551957045094,0.00869410582149973,0.000388812232409001,0.0982932052824569,0.00311827922532054,0.000139453686412842,0.712933401585936,0.0109657451400201,0.000490403031140459,0.00569681789195607,0.16251583654604,0.00726792915874381,1.00307880645739,0.0867604378861319,0.00388004473742078
"slope_shift",1.2,"intercept_recal",500,0.1202592,0.405881720309219,0.0130541334318718,0.000583798594820357,0.114455796910916,0.00384919001013328,0.000172141010419423,0.548925200868276,0.0148552358152623,0.00066434634209432,-1.61759696329569,0.119742003549964,0.00535502519399481,0.161529157008988,0.0505390422955319,0.00226017468181093
"slope_shift",1.2,"intercept_slope_recal",500,0.1202592,0.365985955294465,0.00890683928836244,0.000398325962268886,0.105485941129737,0.0033813346029004,0.000151217880535151,0.548891607230769,0.0149656486239523,0.000669284153010671,0.238734439547708,1.23289688523988,0.0551368248928824,1.11980999835336,0.618676849694336,0.0276680698404391
"slope_shift",1.2,"none",500,0.1202592,0.405867764055736,0.0130888223255357,0.000585349929306292,0.114377460625519,0.00384017838762124,0.000171737998408933,0.548925200868276,0.0148552358152623,0.00066434634209432,-1.61672452060494,0.119711370994224,0.00535365526445563,0.161529157008988,0.0505390422955319,0.00226017468181093
"slope_shift",1.6,"deployment_refit",500,0.1200056,0.31667543136267,0.00914715092435716,0.000409073025346253,0.0933055957275735,0.00317279159290938,0.000141891553603704,0.762698438890488,0.0104337515554184,0.000466611554765195,0.00644612547265203,0.132760606712128,0.00593723482684867,1.00255682026219,0.0694481943149701,0.00310581766805775
"slope_shift",1.6,"intercept_recal",500,0.1200056,0.43658486500273,0.0149579057827045,0.00066893788262329,0.120174884891744,0.00427086024536091,0.000190998676620568,0.471908027683399,0.0171628389393166,0.000767545491103844,-2.21950785688261,0.14870746726784,0.0066504001114543,-0.0925904928262392,0.0566270919619425,0.00253244053990071
"slope_shift",1.6,"intercept_slope_recal",500,0.1200056,0.366526267726968,0.00965404603318741,0.000431742063762385,0.105516636285433,0.00366685518297331,0.000163986749055515,0.526032080748079,0.0201562929933214,0.000901416826149386,-38.2418317386608,860.675298912399,38.4905694984615,-17.9726924967342,427.05983263077,19.0986963244417
"slope_shift",1.6,"none",500,0.1200056,0.436570551494953,0.0149691942937611,0.000669442720185037,0.120103092038218,0.00420738305161379,0.000188159890215779,0.471908027683399,0.0171628389393166,0.000767545491103844,-2.220041706964,0.14891438438025,0.00665965372603545,-0.0925904928262392,0.0566270919619425,0.00253244053990071
