"beta4","delta","event_rate","model_log_loss","oracle_log_loss","excess_log_loss","model_brier","oracle_brier","excess_brier","probability_mse","model_auc","oracle_auc","auc_gap","cal_intercept","cal_slope"
0,0,0.1199844,0.317005542486734,0.31656262089514,0.000442921591593923,0.0933745294726313,0.093256712234522,0.000117817238109332,0.000112730193449778,0.761831363842222,0.762382459405164,0.000551095562942553,-0.0109010821076614,0.993696142070421
0.25,0,0.1203948,0.305575842649923,0.300397511413572,0.00517833123635093,0.088542090960356,0.0873646511977707,0.00117743976258529,0.00115234655921994,0.781917236585326,0.788260798275568,0.00634356169024226,-0.00251242702736378,0.994650459397869
0.5,0,0.120032,0.299913953077106,0.278075391198933,0.0218385618781736,0.0840375483582656,0.0796910628603401,0.0043464854979255,0.00434776704347215,0.788169818726985,0.817898595544781,0.0297287768177959,-0.00241991380286003,0.999638523719013
0,0.5,0.1618972,0.380855743152292,0.38032220596241,0.000533537189882585,0.117377887416968,0.117203065606181,0.000174821810786297,0.00017877097057842,0.75898376707272,0.75949365987709,0.000509892804370078,-0.0117007779253447,0.992849440399046
0.25,0.5,0.1781156,0.369699726422121,0.362601919759444,0.00709780666267668,0.113638020891659,0.111093359286258,0.0025446616054018,0.00257508721484553,0.807720080142422,0.811676610747316,0.00395653060489432,0.228967923155098,1.14463692281144
0.5,0.5,0.1881936,0.356732710626396,0.332641500573061,0.0240912100533355,0.108451759950547,0.100460624535194,0.00799113541535256,0.00799609785679057,0.841622769731722,0.852716751626765,0.0110939818950434,0.468428401567689,1.32142667166488
0,1,0.213118,0.44340805891015,0.442644505004375,0.000763553905775145,0.141916265516939,0.141638591987641,0.000277673529297316,0.00028083054002101,0.757720163793168,0.758243438870969,0.000523275077800769,-0.00626950456712436,0.997447148746896
0.25,1,0.2624128,0.439326906553494,0.424699549856038,0.0146273566974557,0.141135407773482,0.135324525035458,0.0058108827380246,0.0058903578931221,0.822863206448723,0.828102674535075,0.00523946808635136,0.404364185560641,1.2620426656838
0.5,1,0.2946112,0.427515545722913,0.384131011608353,0.0433845341145602,0.136905636773746,0.120513417251937,0.0163922195218097,0.0163532177896988,0.865019329710604,0.875345044976884,0.0103257152662797,0.772829975586857,1.54550794973352
0,1.5,0.275296,0.502679818139595,0.501566554699371,0.00111326344022362,0.165885094361262,0.165438246629777,0.000446847731485696,0.000433023147601076,0.754859915363144,0.755411022979546,0.00055110761640178,-0.00538277104706674,0.994230221714039
0.25,1.5,0.3751712,0.498223623298311,0.467930707118458,0.030292916179853,0.164737023298765,0.152750601713147,0.011986421585618,0.0119559737290129,0.833559126465327,0.841498827478765,0.0079397010134372,0.568047616569051,1.36074403214504
0.5,1.5,0.4349196,0.485569664953639,0.407298820135286,0.0782708448183534,0.159942620142713,0.130487663217441,0.0294549569252724,0.0294096229322278,0.87727332674224,0.890685731862957,0.0134124051207169,1.00951277127394,1.69786716512648
0,2,0.3456916,0.54925185822107,0.547726951132177,0.0015249070888921,0.185280467409327,0.184652367235545,0.000628100173781661,0.00062967898544356,0.753989687726361,0.754563283582568,0.00057359585620641,-0.00236894672191571,0.998307131855489
0.25,2,0.5073048,0.526980921156565,0.472038156596437,0.0549427645601282,0.176203208985797,0.155266284552514,0.0209369244332829,0.0207635955968555,0.843525408100375,0.854506820448159,0.0109814123477836,0.721853561697108,1.44622886134904
0.5,2,0.5908324,0.50507768581807,0.382111670591121,0.12296601522695,0.16734867648656,0.122980133868698,0.0443685426178623,0.0444239217235538,0.888139543873051,0.904564415596313,0.0164248717232617,1.22091537719048,1.81465279085639
