"Condition","Adaptation_n","Method","Attempted","Successful","Failed","Mean_Log_loss","MCSE_Log_loss","Mean_Brier","MCSE_Brier","Mean_PMSE","MCSE_PMSE","Mean_ROC_AUC","MCSE_ROC_AUC"
"baseline",250,"Deployment refit",1000,1000,0,0.325564649041904,0.00036713250445753,0.0955650201505967,0.000111176617285266,0.00228248673556584,0.0000579430258315263,0.752793314322985,0.00046833193325921
"baseline",250,"Intercept + slope recalibration",1000,1000,0,0.321102511312725,0.00031558602558773,0.094431628306859,0.00010199628883998,0.00117133614073491,0.0000397094132790999,0.762063506250881,0.000319325868899104
"baseline",250,"Intercept recalibration",1000,1000,0,0.318875916107465,0.000281641991603611,0.0938874025411885,0.000094828886218113,0.000638723772648549,0.0000257091983317759,0.762063506250881,0.000319325868899104
"baseline",250,"No adaptation",1000,1000,0,0.316927828399498,0.000259368308507767,0.0933613319411824,0.0000904201335341586,0.000112964881874553,0.00000269895061668524,0.762063506250881,0.000319325868899104
"baseline",500,"Deployment refit",1000,1000,0,0.320797281988206,0.000286042847731666,0.0943925721881721,0.0000954190585030994,0.00113000020662739,0.0000272258578508181,0.757781245680124,0.000363327012442478
"baseline",500,"Intercept + slope recalibration",1000,1000,0,0.318845583297221,0.000272347888056389,0.0938716864847769,0.0000928924692543471,0.000617282751509393,0.0000195172301997724,0.762063506250881,0.000319325868899104
"baseline",500,"Intercept recalibration",1000,1000,0,0.317832322615479,0.000265589440114207,0.0936076734278702,0.0000915768862849427,0.000353824710948809,0.000012160793704338,0.762063506250881,0.000319325868899104
"baseline",500,"No adaptation",1000,1000,0,0.316927828399498,0.000259368308507767,0.0933613319411824,0.0000904201335341586,0.000112964881874553,0.00000269895061668524,0.762063506250881,0.000319325868899104
"baseline",1000,"Deployment refit",1000,1000,0,0.318629227988628,0.000265883894058759,0.0938178205811802,0.0000916854123293797,0.0005575533774912,0.0000131055658556436,0.760119926778258,0.000329955500784476
"baseline",1000,"Intercept + slope recalibration",1000,1000,0,0.317770266398342,0.00026216886985778,0.0935872991786174,0.0000910062798667424,0.000329983598578294,0.00000972757508499366,0.762063506250881,0.000319325868899104
"baseline",1000,"Intercept recalibration",1000,1000,0,0.317311009750914,0.000260824858250942,0.0934646553613924,0.0000907566424552818,0.000213522473276591,0.00000644770670399298,0.762063506250881,0.000319325868899104
"baseline",1000,"No adaptation",1000,1000,0,0.316927828399498,0.000259368308507767,0.0933613319411824,0.0000904201335341586,0.000112964881874553,0.00000269895061668524,0.762063506250881,0.000319325868899104
"baseline",5000,"Deployment refit",1000,1000,0,0.31693473717251,0.000259727069524857,0.0933633077089562,0.0000905690904175867,0.000109073901693581,0.00000262528971469649,0.762032175894929,0.000321924541936189
"baseline",5000,"Intercept + slope recalibration",1000,1000,0,0.316918909565925,0.000259203860223079,0.093360946772904,0.0000905216016787778,0.000110386300551433,0.00000269569835253536,0.762063506250881,0.000319325868899104
"baseline",5000,"Intercept recalibration",1000,1000,0,0.316921293105368,0.000259550522472841,0.0933573713144389,0.0000906048071613975,0.00011008595480737,0.00000273948803929841,0.762063506250881,0.000319325868899104
"baseline",5000,"No adaptation",1000,1000,0,0.316927828399498,0.000259368308507767,0.0933613319411824,0.0000904201335341586,0.000112964881874553,0.00000269895061668524,0.762063506250881,0.000319325868899104
"covariate_misspecification",250,"Deployment refit",1000,1000,0,0.385898221460433,0.000340701625776387,0.123580295666946,0.000114849722056629,0.00348993572538814,0.0000626403329973221,0.896702185395807,0.000165480419344435
"covariate_misspecification",250,"Intercept + slope recalibration",1000,1000,0,0.411204864501123,0.000365999456385098,0.132937786548578,0.000130250350678233,0.0128710910549661,0.0000896807914409821,0.87828009603738,0.000218026363770729
"covariate_misspecification",250,"Intercept recalibration",1000,1000,0,0.440302574084303,0.000278851600378881,0.141230369124619,0.000115427914609043,0.0212050299375912,0.0000894502392689179,0.87828009603738,0.000218026363770729
"covariate_misspecification",250,"No adaptation",1000,1000,0,0.502485243698267,0.000644414891033468,0.165221416466902,0.000272695602890407,0.0451561010517729,0.000264212724784493,0.87828009603738,0.000218026363770729
"covariate_misspecification",500,"Deployment refit",1000,1000,0,0.381474476186803,0.000274309872206268,0.122258687381939,0.0000974108082846375,0.00217088445642522,0.0000326315450530223,0.897951554517154,0.000144661531565546
"covariate_misspecification",500,"Intercept + slope recalibration",1000,1000,0,0.409037393412618,0.000338579480427877,0.13233605079486,0.000123934069787865,0.0122674415746219,0.0000817918006943312,0.87828009603738,0.000218026363770729
"covariate_misspecification",500,"Intercept recalibration",1000,1000,0,0.439481162906304,0.000270668976895424,0.140872242560036,0.000108393488196995,0.0208437808148971,0.0000804621162981935,0.87828009603738,0.000218026363770729
"covariate_misspecification",500,"No adaptation",1000,1000,0,0.502485243698267,0.000644414891033468,0.165221416466902,0.000272695602890407,0.0451561010517729,0.000264212724784493,0.87828009603738,0.000218026363770729
"covariate_misspecification",1000,"Deployment refit",1000,1000,0,0.379200111953373,0.000257054362461973,0.121577282733587,0.000092545922268565,0.00148666223952696,0.0000169181100662792,0.898583756066417,0.00013919891095523
"covariate_misspecification",1000,"Intercept + slope recalibration",1000,1000,0,0.407883021266588,0.000332111242170594,0.132019141133097,0.000122681626336056,0.0119528567208248,0.0000811719380524191,0.87828009603738,0.000218026363770729
"covariate_misspecification",1000,"Intercept recalibration",1000,1000,0,0.439058438132292,0.000268799512494982,0.140679595732388,0.000106111628094423,0.0206566355739208,0.0000785668580331321,0.87828009603738,0.000218026363770729
"covariate_misspecification",1000,"No adaptation",1000,1000,0,0.502485243698267,0.000644414891033468,0.165221416466902,0.000272695602890407,0.0451561010517729,0.000264212724784493,0.87828009603738,0.000218026363770729
"covariate_misspecification",5000,"Deployment refit",1000,1000,0,0.377605206370209,0.000250167888256995,0.121101422514403,0.000090552424967472,0.000996899813467745,0.00000517412694166684,0.899072322326465,0.00013794945032688
"covariate_misspecification",5000,"Intercept + slope recalibration",1000,1000,0,0.407081767110398,0.000328680427444558,0.131796626180431,0.000121753634049616,0.0117254051370916,0.0000807255749674789,0.87828009603738,0.000218026363770729
"covariate_misspecification",5000,"Intercept recalibration",1000,1000,0,0.438739195167797,0.00026804485093398,0.140562682833405,0.000104945397275372,0.02053348927665,0.0000770553146709025,0.87828009603738,0.000218026363770729
"covariate_misspecification",5000,"No adaptation",1000,1000,0,0.502485243698267,0.000644414891033468,0.165221416466902,0.000272695602890407,0.0451561010517729,0.000264212724784493,0.87828009603738,0.000218026363770729
"intercept_shift",250,"Deployment refit",1000,1000,0,0.482564015986469,0.00031331064297676,0.157141858509406,0.00011503208321955,0.00286365767703982,0.0000652399777710111,0.750641025097431,0.000319055982368334
"intercept_shift",250,"Intercept + slope recalibration",1000,1000,0,0.478597928178807,0.000279178994576179,0.155748123065103,0.000104152017052635,0.00146268594722153,0.0000451995196321065,0.756036862575341,0.000251714655839799
"intercept_shift",250,"Intercept recalibration",1000,1000,0,0.47659246111627,0.000256775888964169,0.155176111902058,0.0000991908840572565,0.000886684337317723,0.0000322241971431066,0.756036862575341,0.000251714655839799
"intercept_shift",250,"No adaptation",1000,1000,0,0.541810159588127,0.00042068090324615,0.17432507494819,0.000137497558046915,0.0199789500885882,0.0000513982573830717,0.756036862575341,0.000251714655839799
"intercept_shift",500,"Deployment refit",1000,1000,0,0.478274347897674,0.000263058430879814,0.155712499209852,0.000100177771348937,0.00142708381851104,0.0000354420633096393,0.753525203751108,0.000270953094109446
"intercept_shift",500,"Intercept + slope recalibration",1000,1000,0,0.476465992694857,0.00025033843460369,0.155068761856292,0.0000964672280133645,0.000792048702566811,0.0000222763811053647,0.756036862575341,0.000251714655839799
"intercept_shift",500,"Intercept recalibration",1000,1000,0,0.475607396609606,0.00024372991131785,0.154815328382718,0.0000950029099057758,0.00053345651420687,0.0000162543170574953,0.756036862575341,0.000251714655839799
"intercept_shift",500,"No adaptation",1000,1000,0,0.541810159588127,0.00042068090324615,0.17432507494819,0.000137497558046915,0.0199789500885882,0.0000513982573830717,0.756036862575341,0.000251714655839799
"intercept_shift",1000,"Deployment refit",1000,1000,0,0.476130111111639,0.000247944904451548,0.154984080936952,0.0000961488177233141,0.000695067850655712,0.0000167536518281953,0.75505283843575,0.000254722295777176
"intercept_shift",1000,"Intercept + slope recalibration",1000,1000,0,0.475426031596262,0.000246307720935897,0.154728295623286,0.0000959343335644782,0.000442852237110886,0.0000113784777199362,0.756036862575341,0.000251714655839799
"intercept_shift",1000,"Intercept recalibration",1000,1000,0,0.475076663240017,0.000243479159567015,0.154624421392497,0.00009508367593235,0.000343213936146204,0.00000933017664509419,0.756036862575341,0.000251714655839799
"intercept_shift",1000,"No adaptation",1000,1000,0,0.541810159588127,0.00042068090324615,0.17432507494819,0.000137497558046915,0.0199789500885882,0.0000513982573830717,0.756036862575341,0.000251714655839799
"intercept_shift",5000,"Deployment refit",1000,1000,0,0.474510857432003,0.000240607974759487,0.15442431250703,0.0000941938064610532,0.000139724600302867,0.00000317575446604356,0.756229447480933,0.000249851666696353
"intercept_shift",5000,"Intercept + slope recalibration",1000,1000,0,0.474637349617597,0.000240845669027186,0.154471304817618,0.000094412367139819,0.000189831918906061,0.00000469694049899,0.756036862575341,0.000251714655839799
"intercept_shift",5000,"Intercept recalibration",1000,1000,0,0.474688486090637,0.00024121837237161,0.154484877896821,0.0000944677227618536,0.00020393739738,0.00000500958595868292,0.756036862575341,0.000251714655839799
"intercept_shift",5000,"No adaptation",1000,1000,0,0.541810159588127,0.00042068090324615,0.17432507494819,0.000137497558046915,0.0199789500885882,0.0000513982573830717,0.756036862575341,0.000251714655839799
"predictor_effect_shift",250,"Deployment refit",1000,1000,0,0.325191429006916,0.000371955433177095,0.0954392833286909,0.00011692367475509,0.00225507774617896,0.0000521529975310149,0.752454101499739,0.000455027299185702
"predictor_effect_shift",250,"Intercept + slope recalibration",1000,1000,0,0.370272246930335,0.000338771159502235,0.106270519129671,0.000117441684601582,0.0130932002128163,0.0000319285115786279,0.512682981751295,0.000981180522565365
"predictor_effect_shift",250,"Intercept recalibration",1000,1000,0,0.43862951015961,0.000474278286862412,0.120606771016783,0.000166985397714836,0.0273741695159447,0.000123552595139072,0.471397970626067,0.000552122526006537
"predictor_effect_shift",250,"No adaptation",1000,1000,0,0.4363804463287,0.000457751947304879,0.120175066753741,0.000128525531668652,0.0269626364703878,0.0000561585130852206,0.471397970626067,0.000552122526006537
"predictor_effect_shift",500,"Deployment refit",1000,1000,0,0.320524825198121,0.000312521611694637,0.0942797911839314,0.000105032698366126,0.0011045936824696,0.0000261005800355019,0.757807224674906,0.000365327253287306
"predictor_effect_shift",500,"Intercept + slope recalibration",1000,1000,0,0.36822243983642,0.000313106012749404,0.105840740429109,0.000114730163185187,0.0126698803430365,0.0000203473057073492,0.516917510504604,0.000915011263693918
"predictor_effect_shift",500,"Intercept recalibration",1000,1000,0,0.437572930821769,0.000465528721113245,0.120349629785802,0.000149530478716085,0.0271297431422515,0.0000958630571975788,0.471397970626067,0.000552122526006537
"predictor_effect_shift",500,"No adaptation",1000,1000,0,0.4363804463287,0.000457751947304879,0.120175066753741,0.000128525531668652,0.0269626364703878,0.0000561585130852206,0.471397970626067,0.000552122526006537
"predictor_effect_shift",1000,"Deployment refit",1000,1000,0,0.318383597860047,0.000291864663786004,0.0937254409164244,0.000100830551241348,0.000550397102075862,0.0000131309354224209,0.760314856612982,0.000335901488753924
"predictor_effect_shift",1000,"Intercept + slope recalibration",1000,1000,0,0.367169965703799,0.000302240057117076,0.105624919700247,0.000113326499596968,0.0124514448544585,0.0000165122771501993,0.521645760546811,0.000809151596057868
"predictor_effect_shift",1000,"Intercept recalibration",1000,1000,0,0.436947789059999,0.000461095463573382,0.120244738102325,0.000137917077653741,0.0270248117910438,0.0000778947145959152,0.471397970626067,0.000552122526006537
"predictor_effect_shift",1000,"No adaptation",1000,1000,0,0.4363804463287,0.000457751947304879,0.120175066753741,0.000128525531668652,0.0269626364703878,0.0000561585130852206,0.471397970626067,0.000552122526006537
"predictor_effect_shift",5000,"Deployment refit",1000,1000,0,0.316719091833843,0.000281265962670117,0.0932817285640455,0.0000988053392366379,0.00011140519529348,0.00000266102448680554,0.762132871086785,0.000327912183629358
"predictor_effect_shift",5000,"Intercept + slope recalibration",1000,1000,0,0.366330405583634,0.000298031344342337,0.10544898545644,0.000112864201870407,0.012277834619367,0.0000150259362672688,0.527746029673202,0.000594240260844762
"predictor_effect_shift",5000,"Intercept recalibration",1000,1000,0,0.436406950418358,0.000459327192227495,0.12008094141676,0.000127284808877069,0.026868482301392,0.0000562230027028622,0.471397970626067,0.000552122526006537
"predictor_effect_shift",5000,"No adaptation",1000,1000,0,0.4363804463287,0.000457751947304879,0.120175066753741,0.000128525531668652,0.0269626364703878,0.0000561585130852206,0.471397970626067,0.000552122526006537
