"Condition","Method","R","Mean_Average_true_risk","MCSE_Average_true_risk","Mean_Average_predicted_risk","MCSE_Average_predicted_risk","Mean_Event_rate","MCSE_Event_rate","Mean_Log_loss","MCSE_Log_loss","Mean_Brier","MCSE_Brier","Mean_PMSE","MCSE_PMSE","Mean_ROC_AUC","MCSE_ROC_AUC"
"baseline","Deployment refit",1000,0.12016756838689,0.0000489650203149826,0.120199052176605,0.00014686658488358,0.1202024,0.000139933897736523,0.316941899275692,0.000275309956072444,0.0933913919940286,0.0000960310676217319,0.000107525810180693,0.00000258245741816362,0.762738146603807,0.000324882689881647
"baseline","Intercept + slope recalibration",1000,0.12016756838689,0.0000489650203149826,0.120190331515338,0.000146637798373276,0.1202024,0.000139933897736523,0.316957039913931,0.000275453892673627,0.0933986984596668,0.0000961430941787003,0.000108668803581982,0.00000249933728667528,0.7627095139858,0.000325837094203068
"baseline","Intercept recalibration",1000,0.12016756838689,0.0000489650203149826,0.120183154182115,0.000146809995334112,0.1202024,0.000139933897736523,0.316951697217381,0.000275327685520936,0.0933988796499493,0.0000959996789693719,0.000106990951068144,0.00000254728345849168,0.7627095139858,0.000325837094203068
"baseline","No adaptation",1000,0.12016756838689,0.0000489650203149826,0.120081074056885,0.000141393249234917,0.1202024,0.000139933897736523,0.316951410918539,0.000275906120389771,0.0933990366390021,0.0000961516092640386,0.000103937403964147,0.00000241476360847554,0.7627095139858,0.000325837094203068
"covariate_misspecification","Deployment refit",1000,0.667352252291442,0.000144367610710864,0.667330917296239,0.000212203432209825,0.667496,0.000215735128446078,0.377168669917172,0.000251370578752856,0.120925943871493,0.0000909691327657516,0.000997935845662787,0.0000053150359461933,0.899247973384424,0.000138795092693855
"covariate_misspecification","Importance-weighted refit",1000,0.667352252291442,0.000144367610710864,0.663230105683887,0.000402740342906318,0.667496,0.000215735128446078,0.379179219391813,0.000251704671461684,0.121476031701894,0.0000906527759154686,0.0015458059095414,0.000019015085189752,0.898592859874279,0.000140890646452422
"covariate_misspecification","Intercept + slope recalibration",1000,0.667352252291442,0.000144367610710864,0.667402373271758,0.000214318247778465,0.667496,0.000215735128446078,0.406578182322355,0.000338602632703724,0.13160238277229,0.000124020772767855,0.0116258490302196,0.0000813382367414118,0.878545144312352,0.000224357321008722
"covariate_misspecification","Intercept recalibration",1000,0.667352252291442,0.000144367610710864,0.667393424562926,0.000196657919622416,0.667496,0.000215735128446078,0.438476126557967,0.000263358659535292,0.140447393792401,0.000104051112751773,0.0205086686455613,0.0000758352554316519,0.878545144312352,0.000224357321008722
"covariate_misspecification","No adaptation",1000,0.667352252291442,0.000144367610710864,0.512231497609003,0.000570922400773865,0.667496,0.000215735128446078,0.501906370720985,0.000626044911465712,0.164974510368757,0.000265462283408153,0.044976730720649,0.000256609605310809,0.878545144312352,0.000224357321008722
"intercept_shift","Deployment refit",1000,0.243679248107839,0.0000768703902294797,0.24372298354826,0.000187995820818747,0.2434406,0.000185130940431645,0.473980264133962,0.00023398236584875,0.154227257570637,0.0000915143853912966,0.000134231279620442,0.00000311333018280862,0.756489193808778,0.000242166506119119
"intercept_shift","Intercept + slope recalibration",1000,0.243679248107839,0.0000768703902294797,0.243725897619322,0.000187520634532798,0.2434406,0.000185130940431645,0.474111615236811,0.000234510673653487,0.154275594756687,0.0000917142415888647,0.000180432296371849,0.0000041166573617977,0.756284210291792,0.000242556663700692
"intercept_shift","Intercept recalibration",1000,0.243679248107839,0.0000768703902294797,0.243729169374672,0.000187786943314963,0.2434406,0.000185130940431645,0.474149941868486,0.000235420450828312,0.154290841726586,0.0000918983425914416,0.000197292394270975,0.0000044654309824737,0.756284210291792,0.000242556663700692
"intercept_shift","No adaptation",1000,0.243679248107839,0.0000768703902294797,0.120045060752127,0.000141095445927621,0.2434406,0.000185130940431645,0.541063534947154,0.000420449342568821,0.17407491758548,0.000138974651860479,0.0200548189121503,0.0000477204066207118,0.756284210291792,0.000242556663700692
"predictor_effect_shift","Deployment refit",1000,0.119802798902277,0.0000495365079375508,0.119891108157473,0.000148686474013621,0.1199382,0.000142469780649787,0.316751890068289,0.000272613367470101,0.0932767282433061,0.0000945841451798088,0.00010636143507676,0.00000265284326727391,0.761999445129227,0.000336979823121378
"predictor_effect_shift","Intercept + slope recalibration",1000,0.119802798902277,0.0000495365079375508,0.119962363469119,0.000148017821941843,0.1199382,0.000142469780649787,0.366428099893049,0.000285305498492152,0.1054741412646,0.000108334626095084,0.0122949580706539,0.0000148020120295774,0.525993274560588,0.000584530476481121
"predictor_effect_shift","Intercept recalibration",1000,0.119802798902277,0.0000495365079375508,0.120035319048836,0.000167002234879938,0.1199382,0.000142469780649787,0.435733227369973,0.000453753860327697,0.120050308627614,0.000128535057131542,0.0269013834702804,0.0000581572785269437,0.473115921149599,0.00054270190174625
"predictor_effect_shift","No adaptation",1000,0.119802798902277,0.0000495365079375508,0.119982676444376,0.000141102609480063,0.1199382,0.000142469780649787,0.435718730186887,0.000452596401108499,0.120032157964308,0.000123814414254525,0.0268809589794698,0.0000543698850967474,0.473115921149599,0.00054270190174625
