"Condition","Method","R","Mean_Log_loss_gain","MCSE_Log_loss_gain","Mean_Brier_gain","MCSE_Brier_gain","Mean_PMSE_gain","MCSE_PMSE_gain","Mean_ROC_AUC_gain","MCSE_ROC_AUC_gain"
"baseline","Deployment refit",1000,0.00000951164284741059,0.0000223844920445184,0.00000764464497350716,0.00000662446607973625,-0.00000358840621654528,0.00000353977901153605,0.0000286326180061155,0.000038565219698472
"baseline","Intercept + slope recalibration",1000,-0.0000056289953916813,0.0000155072903603461,0.00000033817933530244,0.00000445791924520034,-0.00000473139961783508,0.00000257883397210761,0,0
"baseline","Intercept recalibration",1000,-0.000000286298842012758,0.000011192033357324,0.000000156989052876836,0.00000334271773348316,-0.00000305354710399616,0.00000206213574256278,0,0
"covariate_misspecification","Deployment refit",1000,0.124737700803813,0.000639430877921672,0.0440485664972641,0.000268335356735814,0.0439787948749862,0.000256507879811998,0.0207028290720726,0.000176575843718667
"covariate_misspecification","Importance-weighted refit",1000,0.122727151329172,0.000623405619469647,0.0434984786668638,0.000267821335909484,0.0434309248111076,0.000257265773546169,0.0200477155619274,0.000169784700080089
"covariate_misspecification","Intercept + slope recalibration",1000,0.0953281883986302,0.000505600340454146,0.0333721275964675,0.000215856852411738,0.0333508816904294,0.000205033093210422,0,0
"covariate_misspecification","Intercept recalibration",1000,0.0634302441630188,0.000443395249444566,0.024527116576356,0.000198754369635229,0.0244680620750877,0.00018824447304979,0,0
"intercept_shift","Deployment refit",1000,0.0670832708131918,0.000252006996255618,0.0198476600148426,0.0000761794877251601,0.0199205876325298,0.0000477588645708677,0.000204983516985803,0.0000303815570982729
"intercept_shift","Intercept + slope recalibration",1000,0.0669519197103424,0.000250899787354896,0.0197993228287928,0.0000754858999748183,0.0198743866157784,0.0000474412383326428,0,0
"intercept_shift","Intercept recalibration",1000,0.0669135930786681,0.000249674650551774,0.0197840758588935,0.0000753311735164348,0.0198575265178793,0.0000474158697356417,0,0
"predictor_effect_shift","Deployment refit",1000,0.118966840118598,0.00034601691972384,0.0267554297210018,0.0000762987426692607,0.0267745975443931,0.0000542748803789872,0.288883523979629,0.000657020115456505
"predictor_effect_shift","Intercept + slope recalibration",1000,0.0692906302938375,0.000309831137970891,0.0145580166997077,0.0000634540137977944,0.0145860009088159,0.0000540202148446549,0.0528773534109893,0.00110017291963284
"predictor_effect_shift","Intercept recalibration",1000,-0.0000144971830863917,0.0000131093102437485,-0.0000181506633064763,0.0000327781873672606,-0.0000204244908105988,0.0000327405209153904,0,0
