beta4,delta,event_rate,excess_log_loss,excess_brier,probability_mse
0.0,0.0,0.119914,0.0004141,0.0001123,0.0001101
0.25,0.0,0.1203524,0.0052946,0.0011949,0.0011548
0.5,0.0,0.120052,0.0220819,0.0043277,0.0043014
0.0,0.5,0.1622352,0.0005302,0.000169,0.0001735
0.25,0.5,0.1778836,0.0072391,0.0025778,0.0025585
0.5,0.5,0.1881532,0.0239697,0.0079292,0.0079675
0.0,1.0,0.2138992,0.0007506,0.000279,0.0002743
0.25,1.0,0.2634096,0.0146766,0.0058386,0.0058773
0.5,1.0,0.29548,0.0435808,0.0164331,0.0163664
0.0,1.5,0.2758176,0.0010641,0.0004234,0.0004222
0.25,1.5,0.3756868,0.0301216,0.0119148,0.011893
0.5,1.5,0.434904,0.0778375,0.0292433,0.0293055
0.0,2.0,0.3455884,0.0015018,0.0006289,0.0006156
0.25,2.0,0.506326,0.0539815,0.0205772,0.0206164
0.5,2.0,0.5908256,0.1224249,0.0441432,0.0442197
