beta4,delta,event_rate,model_auc,oracle_auc,auc_gap,cal_intercept,cal_slope,probability_mse
0.0,0.0,0.1204,0.7624,0.7629,0.00049,0.0043,1.0014,0.0001153
0.25,0.0,0.1202,0.7829,0.7892,0.00633,0.0077,1.0044,0.0011231
0.5,0.0,0.1202,0.7873,0.8174,0.03003,-0.0077,0.9918,0.0042941
0.0,0.5,0.1627,0.7597,0.7602,0.00051,0.0045,0.9992,0.0001825
0.25,0.5,0.1778,0.8077,0.8116,0.00383,0.2285,1.1495,0.0025356
0.5,0.5,0.1882,0.842,0.853,0.01098,0.4661,1.3171,0.0079142
0.0,1.0,0.2145,0.7579,0.7584,0.00049,0.0091,1.0021,0.0002852
0.25,1.0,0.2628,0.8228,0.8278,0.00498,0.4101,1.2682,0.0057941
0.5,1.0,0.2952,0.8651,0.8753,0.01022,0.7711,1.5401,0.0162069
0.0,1.5,0.2763,0.7556,0.7561,0.0005,0.0104,1.0022,0.0004305
0.25,1.5,0.3752,0.8339,0.8413,0.00745,0.5682,1.3695,0.0118162
0.5,1.5,0.435,0.8771,0.8904,0.0133,1.0009,1.6905,0.0291789
0.0,2.0,0.3467,0.7537,0.7541,0.00049,0.0094,0.9999,0.0006193
0.25,2.0,0.5068,0.8437,0.854,0.01025,0.7188,1.4559,0.0204316
0.5,2.0,0.5907,0.8883,0.9044,0.01614,1.2132,1.8097,0.0439657
