beta4,delta,baseline_threshold,shifted_threshold,threshold_change,abs_change,frozen_BA,adapted_BA,BA_gain,sd_threshold_change,mcse_threshold_change,sd_BA_gain,mcse_BA_gain
0.0,0.0,0.1222,0.1232,0.00091,0.01743,0.6912376,0.6910549,-0.0001828,0.02229385,0.000997,0.00647357,0.0002895
0.0,0.5,0.1222,0.164,0.04176,0.04232,0.680841,0.6911009,0.0102599,0.02346281,0.0010493,0.01017049,0.0004548
0.0,1.0,0.1222,0.2156,0.09335,0.09335,0.6518374,0.6878628,0.0360253,0.02658083,0.0011887,0.01496382,0.0006692
0.0,1.5,0.1222,0.2752,0.1529,0.1529,0.6159427,0.6866253,0.0706825,0.02953531,0.0013209,0.01748848,0.0007821
0.0,2.0,0.1222,0.3468,0.22456,0.22456,0.5794219,0.6849667,0.1055448,0.03368792,0.0015066,0.01671985,0.0007477
0.25,0.0,0.1374,0.1379,0.00045,0.01931,0.7111896,0.7111306,-5.91e-05,0.02440366,0.0010914,0.00524848,0.0002347
0.25,0.5,0.1374,0.1927,0.05525,0.05557,0.7187263,0.7324652,0.0137389,0.02640041,0.0011807,0.01117096,0.0004996
0.25,1.0,0.1374,0.2585,0.1211,0.1211,0.6948722,0.7445668,0.0496946,0.0269749,0.0012064,0.01748404,0.0007819
0.25,1.5,0.1374,0.3264,0.18903,0.18903,0.6549214,0.7526933,0.0977719,0.03005855,0.0013443,0.02070502,0.000926
0.25,2.0,0.1374,0.3948,0.25741,0.25741,0.613005,0.7609597,0.1479547,0.03333112,0.0014906,0.02125525,0.0009506
0.5,0.0,0.16,0.1605,0.00054,0.02114,0.728512,0.7283829,-0.0001292,0.02651253,0.0011857,0.00457246,0.0002045
0.5,0.5,0.16,0.2142,0.05423,0.05467,0.7557576,0.7675245,0.0117669,0.02643018,0.001182,0.01016023,0.0004544
0.5,1.0,0.16,0.2741,0.11419,0.11419,0.7378886,0.784333,0.0464444,0.02655191,0.0011874,0.01846282,0.0008257
0.5,1.5,0.16,0.3329,0.17291,0.17291,0.6992664,0.7930319,0.0937655,0.02907874,0.0013004,0.0232484,0.0010397
0.5,2.0,0.16,0.3954,0.2354,0.2354,0.6560182,0.8032547,0.1472365,0.03327092,0.0014879,0.02547391,0.0011392
